name_a,type_a,name_b,type_b,similarity,confidence,reason
交易的安全性,feature,交易安全,feature,0.9669,0.9,節點 A 和節點 B 的名稱語意等價，都是指交易的安全性
外圍層,feature,外部層,feature,0.9498,0.9,外圍層和外部層是同義詞
tls 協定,feature,tls 協議,feature,0.9302,1.0,tls 協定和 tls 協議是同義詞
tls,feature,tls/ssl,feature,0.9268,0.9,tls 和 tls/ssl 都指的是加密通訊協定，tls/ssl 可視為 tls 的擴展或變體
操作安全,feature,安全性,feature,0.9201,0.9,操作安全和安全性是同義詞
ip 位址協定,feature,ip協定,feature,0.9117,0.9,節點 A 和節點 B 的名稱語意等價，均指稱 IP 位址協定的概念
port 445,feature,tcp 445,feature,0.9072,0.9,節點 A 和節點 B 都指稱 TCP 通訊協定的 445 端口
預設帳號,feature,系統預設帳號,feature,0.9064,0.9,節點 A 和節點 B 的名稱語意相近，均指系統或工具的預設帳號特性
ssl安全交易協定,feature,ssl 協定,feature,0.906,0.9,節點A和節點B的名稱語意相近，均指稱SSL安全協定
堆疊,feature,堆積,feature,0.9056,0.9,堆疊和堆積在中文中是同義詞
通訊協定,feature,傳輸協定,feature,0.8956,0.9,通訊協定和傳輸協定在此語境下是同義詞
連接埠,feature,通訊埠,feature,0.8892,0.9,連接埠和通訊埠是同義詞
實體安全,feature,安全性,feature,0.8874,0.9,實體安全和安全性是同義詞
ssl/tls 交握協定,feature,tls 協定,feature,0.8844,0.9,節點 A 和節點 B 都指涉 TLS 協定的概念，且 SSL/TLS 交握協定包含了 TLS 協定
tcp連接埠,feature,通訊埠,feature,0.8843,0.9,tcp連接埠和通訊埠是同義詞
插槽 (socket),feature,插槽 (slot),feature,0.8838,0.9,插槽和slot是同義詞
http cookie,feature,cookies,feature,0.883,0.9,節點 A 和節點 B 的名稱語意等價，都是指網站使用的 cookie
ssl/tls 交握協定,feature,ssl安全交易協定,feature,0.8818,0.9,節點A和節點B的名稱語意相近，均指涉及SSL/TLS的安全協定
ssl 紀錄協定,feature,ssl 協定,feature,0.8756,0.9,節點 A 和節點 B 的名稱語意相近，ssl 紀錄協定和 ssl 協定都指涉及 ssl 的協定
ssl/tls 交握協定,feature,ssl 協定,feature,0.8743,0.9,節點 A 和節點 B 都指涉 SSL/TLS 的安全協定，名稱語意相近
金鑰儲存,feature,金鑰封存,feature,0.8675,0.9,金鑰儲存和金鑰封存是同義詞
ssl/tls 交握協定,feature,tls 協議,feature,0.8668,0.9,節點 A 和節點 B 都指涉 TLS 協議，ssl/tls 交握協定包含了 TLS 協議的內容
網路協定,feature,通訊協定,feature,0.8613,0.9,網路協定和通訊協定是同義詞
tls,feature,tls 協議,feature,0.86,0.9,節點 A 和節點 B 的名稱語意等價，tls 和 tls 協議 指稱同一個概念
堆疊,feature,堆疊 (stack),feature,0.8542,1.0,兩節點名稱語意等價，節點 B 的括號內容提供了英文標準化形式
資產安全,feature,安全性,feature,0.8525,0.9,資產安全和安全性是同義詞
加密技術,feature,加密,feature,0.8524,0.9,節點 A 和節點 B 的名稱語意等價，都是指加密的概念
多輪運算 (iteration),feature,多輪運算,feature,0.852,1.0,兩節點名稱語意等價
ip 層,feature,網際網路層,feature,0.8476,0.9,ip 層和網際網路層是同義詞
ip,feature,ip 位址,feature,0.8463,0.9,節點 A 和節點 B 的名稱語意等價，均指稱 IP 位址
交點錯誤率,feature,交叉錯誤率,feature,0.8433,0.9,交點錯誤率和交叉錯誤率是同義詞
通訊協定,feature,協定,feature,0.8389,0.9,通訊協定和協定在此語境下是同義詞
ssl 協定,feature,tls 協議,feature,0.8373,0.9,ssl 協定和 tls 協議是同義詞，tls 是 ssl 的後繼版本
連接埠號碼,feature,連接埠,feature,0.837,0.9,連接埠號碼和連接埠是相關的概念，且連接埠號碼可以被視為連接埠的特性
tls/ssl,feature,tls 協議,feature,0.8329,0.9,節點 A 和節點 B 的名稱語意相近，tls/ssl 和 tls 協議都指涉加密通訊協議
最快恢復時間,feature,故障復原時間,feature,0.8319,0.9,兩節點名稱語意等價，指稱系統或工具恢復故障的時間
ssl安全交易協定,feature,tls 協定,feature,0.8253,0.9,SSL 和 TLS 是安全交易協定的不同名稱，TLS 是 SSL 的後繼版本
權限設定,feature,使用者權限,feature,0.8198,0.9,節點 A 和節點 B 的名稱語意相近，均指涉系統中與使用者權限相關的設定
ssl安全交易協定,feature,tls 協議,feature,0.811,0.9,SSL 和 TLS 都是安全交易協定的名稱，TLS 是 SSL 的後繼版本
ipv4,feature,ip 位址,feature,0.8107,0.9,ipv4 是 ip 位址的一種特定形式
交叉錯誤率 (cer),feature,交叉錯誤率,feature,0.8102,1.0,兩節點名稱語意等價
osi 第 7 層,feature,l7 layer,feature,0.8091,1.0,OSI 第 7 層與 L7 Layer 是同義詞
埠號,feature,服務埠,feature,0.8055,0.9,節點 A 和節點 B 的名稱語意等價，都是指系統或工具的埠號
堆疊,feature,堆積 (heap),feature,0.8038,0.9,堆疊和堆積都是描述資料結構的術語，兩者在計算機科學中指稱相同的概念
開放連接埠,feature,通訊埠,feature,0.8012,0.9,節點 A 和節點 B 的名稱語意等價，都是指系統或工具的連接埠
非對稱加密,function,非對稱式加密,function,0.9809,0.9,節點 A 和節點 B 的名稱語意等價，都是指非對稱加密的概念
身分驗證,function,身分認證,function,0.9703,0.9,身分驗證和身分認證是同義詞
資安稽核,function,安全稽核,function,0.9218,0.9,資安稽核和安全稽核是同義詞
身份鑑別,function,身分認證,function,0.8922,0.9,身份鑑別和身分認證是同義詞
身分驗證,function,身份鑑別,function,0.8899,0.9,身分驗證和身份鑑別是同義詞
查詢功能,function,查詢,function,0.8742,0.9,查詢功能和查詢是語意等價的表達
安全事件管理,function,資安事件管理,function,0.8741,0.9,安全事件管理和資安事件管理是同義詞
計帳 (accounting),function,accounting,function,0.8727,1.0,兩節點名稱語意等價
權限管理,function,權限控管,function,0.8661,0.9,兩節點名稱語意等價，權限管理和權限控管是同義詞
解密,function,訊息解密,function,0.8546,0.9,節點 A 和節點 B 的名稱語意相近，解密和訊息解密都指涉加密訊息的解碼過程
辨識,function,辨識功能,function,0.8434,0.9,兩節點名稱語意等價
偵測層級,function,辨識層級,function,0.8386,0.9,偵測層級和辨識層級在此語境下為同義詞
雜湊,function,雜湊計算,function,0.833,0.9,雜湊和雜湊計算語意等價
網路存取控管,function,系統存取控制管理,function,0.8283,0.9,節點名稱語意相近，均指涉存取控管
安全存取控制,function,存取控管,function,0.8267,0.9,安全存取控制和存取控管是同義詞
身份驗證流程,function,身分認證,function,0.8248,0.9,身份驗證流程和身分認證是同義詞
雜湊演算法,function,雜湊計算,function,0.8234,0.9,雜湊演算法和雜湊計算語意等價
即時監看資安事件,function,資安事件監看,function,0.8206,0.9,兩節點名稱語意相近，均指資安事件的監看功能
權限管理,function,權限管理 (authorization),function,0.8206,1.0,兩節點名稱語意等價
雜湊函數,function,雜湊計算,function,0.8174,0.9,雜湊函數和雜湊計算是同義詞
保密功能,function,資料保密,function,0.8129,0.9,節點名稱語意相近，保密功能和資料保密都指涉資料的隱私保護
權限控管,function,存取控管,function,0.8026,0.9,權限控管和存取控管是同義詞，均指控管存取權限
阻絕服務攻擊 (dos),attack,阻斷服務攻擊 (dos),attack,0.9964,1.0,兩節點名稱語意等價，都是描述阻絕或阻斷服務攻擊的同義詞
阻絕服務攻擊,attack,阻斷服務攻擊,attack,0.9913,0.9,兩節點名稱語意等價，都是指阻絕或阻斷服務的攻擊行為
身份盜竊,attack,身份竊盜,attack,0.9902,0.9,身份盜竊和身份竊盜是同義詞
ic 卡攻擊,attack,ic卡攻擊,attack,0.9893,1.0,兩節點名稱語意等價
中間人攻擊(mitm),attack,中間人攻擊 (mitm),attack,0.9891,1.0,兩節點名稱語意完全相同
syn 洪水攻擊,attack,syn洪水攻擊,attack,0.9795,1.0,兩節點名稱語意等價
惡意軟體之攻擊,attack,惡意軟體攻擊,attack,0.9795,0.9,兩節點名稱語意等價，惡意軟體之攻擊和惡意軟體攻擊指稱同一概念
邏輯攻擊,attack,邏輯性攻擊,attack,0.9794,0.9,邏輯攻擊和邏輯性攻擊是語意等價的表達
未經授權存取,attack,未授權存取,attack,0.9768,0.9,兩節點名稱語意等價
未經授權存取,attack,未經授權的存取,attack,0.973,0.9,兩節點名稱語意等價
分散式阻斷服務 (ddos) 攻擊,attack,分散式阻斷服務攻擊 (ddos),attack,0.9727,1.0,兩節點名稱語意等價
分散式阻斷服務 (ddos),attack,分散式阻斷服務攻擊 (ddos),attack,0.9726,0.9,兩節點名稱語意等價，都是描述分散式阻斷服務攻擊
資料篡改,attack,資料竄改,attack,0.9723,0.9,資料篡改和資料竄改是同義詞
未授權存取,attack,未經授權的存取,attack,0.9704,0.9,節點 A 和節點 B 的名稱語意等價，都是描述未經授權的存取行為
dos/ddos 攻擊,attack,ddos 攻擊,attack,0.9696,0.9,節點 A 和節點 B 都指稱分布式拒絕服務攻擊，僅名稱略有不同
network attack,attack,網路攻擊,attack,0.9676,1.0,節點 A 和節點 B 的名稱語意等價，都是指網路攻擊的行為
篡改,attack,竄改,attack,0.961,0.9,篡改和竄改是同義詞
竊取,attack,盜竊,attack,0.9602,0.9,竊取和盜竊是同義詞
網路安全威脅,attack,網路威脅,attack,0.9587,0.9,網路安全威脅和網路威脅在攻擊行為或攻擊手法的本體論類別下語意相近
smurf attack,attack,smurf 攻擊,attack,0.9565,0.9,smurf attack 和 smurf 攻擊是同義詞
sql injection 攻擊,attack,sql injection 隱碼攻擊,attack,0.9518,0.9,兩節點名稱語意相近，sql injection 攻擊和 sql injection 隱碼攻擊都指的是利用 SQL 注入漏洞進行攻擊的行為
未授權存取,attack,非授權存取,attack,0.9517,0.9,未授權存取和非授權存取是同義詞
電腦病毒,attack,病毒,attack,0.9517,0.9,節點 A 和節點 B 的名稱語意等價，都是指電腦病毒
彩虹表攻擊,attack,彩虹攻擊,attack,0.9462,0.9,兩節點名稱語意等價，都是描述攻擊行為的同義詞
分散式阻斷服務 (ddos),attack,分散式阻斷服務 (ddos) 攻擊,attack,0.9456,0.9,兩節點名稱語意等價，都是描述分散式阻斷服務的攻擊行為
未經授權的存取,attack,非授權存取,attack,0.9447,0.9,兩節點名稱語意等價，均指未經授權的存取行為
攻擊方法,attack,攻擊手段,attack,0.9431,0.9,攻擊方法和攻擊手段是同義詞
密碼破解攻擊,attack,暴力密碼攻擊,attack,0.9392,0.9,密碼破解攻擊和暴力密碼攻擊是同義詞
未經授權存取,attack,非授權存取,attack,0.938,0.9,兩節點名稱語意等價，均指未經授權的存取行為
tcp/ip 連線劫持,attack,tcp/ip 劫持,attack,0.9365,0.9,tcp/ip 連線劫持和tcp/ip 劫持語意等價
密碼驗證攻擊,attack,密碼破解攻擊,attack,0.9333,0.9,密碼驗證攻擊和密碼破解攻擊是密碼攻擊的同義詞
隱碼攻擊,attack,資料隱碼攻擊,attack,0.9319,0.9,節點 A 和節點 B 的名稱語意相近，隱碼攻擊和資料隱碼攻擊指稱同一概念
資訊安全威脅,attack,資安威脅,attack,0.9309,0.9,兩節點名稱語意等價，都是指資訊安全方面的威脅
帳號盜用,attack,盜用帳號及密碼,attack,0.929,0.9,帳號盜用和盜用帳號及密碼指稱相同的攻擊行為
ddos 攻擊,attack,ddos攻擊,attack,0.9253,1.0,節點 A 和節點 B 的名稱語意等價
駭客攻擊,attack,駭客入侵,attack,0.9241,0.9,駭客攻擊和駭客入侵在本體論類別attack下是同義詞
駭客攻擊,attack,network attack,attack,0.9221,0.9,駭客攻擊和 network attack 都指涉網路攻擊行為
網路攻擊手法,attack,web 攻擊手法,attack,0.9194,0.9,網路攻擊手法和web攻擊手法是同義詞
釣魚攻擊,attack,釣魚式攻擊,attack,0.9189,0.9,兩節點名稱語意等價，都是指釣魚攻擊的行為
資安事件,attack,資通安全事件,attack,0.9161,0.9,兩節點名稱語意等價，資安事件和資通安全事件是同義詞
ddos攻擊,attack,ddos,attack,0.9155,0.9,節點A和節點B的名稱語意等價，都是指DDoS攻擊
帳號盜用,attack,冒用帳號,attack,0.9152,0.9,帳號盜用和冒用帳號是同義詞
網路安全威脅,attack,資安威脅,attack,0.9122,0.9,網路安全威脅和資安威脅是同義詞
dns 放大攻擊,attack,dns攻擊,attack,0.9113,0.9,dns 放大攻擊是 dns 攻擊的一種特定形式
網路攻擊手法,attack,攻擊方法,attack,0.9077,0.9,節點 A 和節點 B 的名稱語意相近，均指涉攻擊的方法或手法
密碼驗證攻擊,attack,暴力密碼攻擊,attack,0.9059,0.9,密碼驗證攻擊和暴力密碼攻擊是同義詞
電腦安全事件,attack,資訊安全事故,attack,0.9058,0.9,電腦安全事件和資訊安全事故是同義詞
勒索程式,attack,勒索軟體,attack,0.9036,0.9,節點 A 和節點 B 的名稱語意等價，都是指利用軟體進行勒索的行為
注入攻擊,attack,注入 (injection) 攻擊,attack,0.9023,1.0,兩節點名稱語意等價，都是指注入攻擊
udp 泛洪攻擊,attack,udp 封包攻擊,attack,0.9023,0.9,udp 泛洪攻擊和udp 封包攻擊在攻擊行為或攻擊手法的本體論類別中是語意等價的
跨網站腳本攻擊,attack,跨站腳本攻擊,attack,0.9015,0.9,兩節點名稱語意等價，跨網站腳本攻擊和跨站腳本攻擊是同義詞
病毒程式,attack,病毒,attack,0.9005,0.9,節點 A 和節點 B 的名稱語意相近，均指稱病毒相關的攻擊行為或攻擊手法
tcp syn 洪水攻擊,attack,tcp syn flood 攻擊,attack,0.9003,1.0,tcp syn 洪水攻擊和tcp syn flood 攻擊是同義詞
入侵事件,attack,入侵,attack,0.9,0.9,入侵事件和入侵是同義詞，指稱相同的攻擊行為或攻擊手法
駭客攻擊,attack,入侵攻擊,attack,0.8991,0.9,駭客攻擊和入侵攻擊在攻擊行為或攻擊手法的本體論類別下是同義詞
資料篡改攻擊,attack,資料篡改,attack,0.8974,0.9,節點 A 和節點 B 的名稱語意相近，均指涉及資料篡改的攻擊行為
網路攻擊手法,attack,攻擊手段,attack,0.8968,0.9,網路攻擊手法和攻擊手段在攻擊行為或攻擊手法的本體論類別下具有相似的語意含義
冒名郵件,attack,詐騙郵件,attack,0.8966,0.9,冒名郵件和詐騙郵件都是指以假冒身份或欺騙手法進行的郵件攻擊，語意上相當接近
駭客入侵,attack,入侵攻擊,attack,0.8964,0.9,兩節點名稱語意等價，均指入侵攻擊的行為
dos/ddos 攻擊,attack,ddos攻擊,attack,0.8952,0.9,節點 A 和節點 B 都指稱分布式拒絕服務攻擊
tcp/ip 連線劫持,attack,連線劫持,attack,0.8939,0.9,節點 A 和節點 B 的名稱語意相近，tcp/ip 連線劫持是一種連線劫持的具體形式
入侵行為,attack,入侵,attack,0.8931,0.9,入侵行為和入侵是同義詞
入侵企圖,attack,入侵,attack,0.892,0.9,入侵企圖和入侵是同義詞，均指嘗試非法闖入系統或網絡
詐騙郵件,attack,欺騙電子郵件,attack,0.891,0.9,詐騙郵件和欺騙電子郵件是同義詞
重送攻擊,attack,重播攻擊,attack,0.8894,0.9,重送攻擊和重播攻擊是同義詞
病毒程式,attack,電腦病毒,attack,0.8858,0.9,節點 A 和節點 B 都指稱電腦系統中的一種攻擊行為或攻擊手法，病毒程式和電腦病毒是同義詞
釣魚攻擊,attack,網路釣魚攻擊,attack,0.8852,0.9,節點 A 和節點 B 的名稱語意相近，均指涉釣魚攻擊的概念
tcp syn 洪水攻擊,attack,syn 洪水攻擊,attack,0.8848,0.9,tcp syn 洪水攻擊和syn 洪水攻擊是同一種攻擊行為的不同表達形式
xss 攻擊,attack,跨站腳本攻擊 (xss),attack,0.8842,1.0,兩節點名稱語意等價，都是指跨站腳本攻擊
xml外部實體攻擊 (xxe),attack,xml外部實體攻擊,attack,0.884,1.0,節點 A 和節點 B 的名稱語意等價
資料篡改攻擊,attack,竄改攻擊,attack,0.8838,0.9,資料篡改攻擊和竄改攻擊是同義詞
搜尋引擎攻擊,attack,搜尋引擎攻擊 (google-hacking),attack,0.8822,0.9,兩節點名稱語意等價，都是描述搜尋引擎攻擊的行為
資料竄改,attack,竄改,attack,0.8816,0.9,資料竄改和竄改是同義詞，均指資料被非法修改的攻擊行為
阻絕服務攻擊,attack,阻絕服務攻擊 (dos),attack,0.8793,1.0,兩節點名稱語意等價
入侵攻擊,attack,入侵,attack,0.879,0.9,入侵攻擊和入侵是同義詞
阻絕服務攻擊,attack,阻斷服務攻擊 (dos),attack,0.8781,0.9,兩節點名稱語意等價，都是描述阻絕或阻斷服務攻擊的行為
電腦蠕蟲,attack,蠕蟲,attack,0.8772,0.9,電腦蠕蟲和蠕蟲在攻擊行為或攻擊手法的本體論類別下是同義詞
其他攻擊方式,attack,攻擊方法,attack,0.8767,0.9,節點 A 和節點 B 的名稱語意相近，均指涉攻擊行為或手法的類別
阻斷服務攻擊 (dos),attack,阻斷服務攻擊,attack,0.8767,1.0,兩節點名稱語意等價
tcp syn 洪水攻擊,attack,syn洪水攻擊,attack,0.8741,0.9,tcp syn 洪水攻擊和 syn 洪水攻擊是同一種攻擊行為的不同表達方式
監聽攻擊,attack,竊聽攻擊,attack,0.8737,0.9,監聽攻擊和竊聽攻擊是同義詞
http 封包攻擊,attack,網路攻擊封包,attack,0.8724,0.9,節點 A 和節點 B 的名稱語意相近，均指涉及網路封包的攻擊行為
入侵企圖,attack,入侵行為,attack,0.8721,0.9,入侵企圖和入侵行為在攻擊行為或攻擊手法的本體論類別中為同義詞
阻絕服務攻擊 (dos),attack,阻斷服務攻擊,attack,0.8721,0.9,兩節點名稱語意等價，都是指阻絕或阻斷服務的攻擊行為
電腦系統入侵事件,attack,入侵事件,attack,0.8708,0.9,兩節點名稱語意相近，均指涉入侵事件
資安事故,attack,資訊安全事故,attack,0.8704,0.9,兩節點名稱語意等價，都是指資安相關的事件
未經授權的揭露,attack,未經授權之發佈,attack,0.8682,0.9,兩節點名稱語意等價，均指未經授權的公開
惡意活動,attack,惡意行為,attack,0.8681,0.9,惡意活動和惡意行為在攻擊行為或攻擊手法的本體論類別下是同義詞
各種攻擊,attack,攻擊方法,attack,0.8672,0.9,節點 A 和節點 B 的名稱語意相近，均指涉攻擊行為或攻擊手法
跨站請求偽造,attack,跨站請求偽造攻擊,attack,0.8669,0.9,兩節點名稱語意等價，指稱同一概念
跨站腳本攻擊,attack,跨站指令碼攻擊,attack,0.8658,0.9,跨站腳本攻擊和跨站指令碼攻擊是同義詞
web 攻擊手法,attack,網頁攻擊,attack,0.8641,0.9,節點 A 和節點 B 的名稱語意等價，都是指網頁攻擊的行為或手法
sql injection 攻擊,attack,注入 (injection) 攻擊,attack,0.8629,0.9,節點 A 和節點 B 的名稱語意等價，均指稱注入攻擊
木馬程式,attack,木馬後門程式,attack,0.8612,0.9,木馬程式和木馬後門程式是同義詞
外部入侵,attack,外部攻擊,attack,0.861,0.9,外部入侵和外部攻擊在攻擊行為或攻擊手法的本體論類別中是同義詞
非法存取,attack,未經授權的存取,attack,0.8606,0.9,兩節點名稱語意等價，均指未經授權的存取行為
暴力密碼攻擊,attack,暴力攻擊,attack,0.8604,0.9,節點 A 和節點 B 的名稱語意相近，均指涉及暴力手法的攻擊行為
sql injection 隱碼攻擊,attack,sql資料隱碼攻擊,attack,0.8604,0.9,節點A和節點B的名稱語意等價，均指SQL隱碼攻擊
泛洪攻擊,attack,syn洪水攻擊,attack,0.8603,0.9,泛洪攻擊和syn洪水攻擊都是網路攻擊的一種形式，指的是大量的syn請求用於耗盡目標系統的資源
跨站請求偽造攻擊（csrf）,attack,cross-site request forgery,attack,0.8591,1.0,節點 A 和節點 B 分別是跨站請求偽造攻擊的中文和英文名稱，語意等價
偽裝攻擊,attack,偽裝攻擊 (masquerade),attack,0.8582,1.0,兩節點名稱語意等價
非法存取,attack,非授權存取,attack,0.858,0.9,非法存取和非授權存取在攻擊行為或攻擊手法的本體論類別中是同義詞
拒絕服務 (dos),attack,拒絕服務,attack,0.858,1.0,節點 A 和節點 B 的名稱語意等價
網路釣魚攻擊,attack,釣魚式攻擊,attack,0.8562,0.9,兩節點名稱語意等價，都是指釣魚攻擊的行為
ddos攻擊,attack,分散式阻斷服務 (ddos) 攻擊,attack,0.8557,1.0,節點 A 和節點 B 的名稱語意等價，都是描述 DDoS 攻擊的不同表達形式
釣魚網頁,attack,網路釣魚,attack,0.8545,0.9,節點 A 和節點 B 的名稱語意等價，均指涉網路釣魚攻擊行為
ddos 攻擊,attack,dos攻擊,attack,0.8532,0.9,ddos 攻擊和 dos 攻擊是同義詞，均指分佈式拒絕服務攻擊
重送攻擊 (replay attack),attack,重送攻擊,attack,0.8526,1.0,兩節點名稱語意等價
新的攻擊方式,attack,攻擊方法,attack,0.8524,0.9,兩節點名稱語意相近，均指涉攻擊手法或方式
釣魚攻擊（phishing）,attack,網路釣魚攻擊,attack,0.8524,0.9,節點 A 和節點 B 的名稱語意等價，都是指釣魚攻擊的行為
資料篡改攻擊,attack,資料竄改,attack,0.8522,0.9,資料篡改攻擊和資料竄改是同義詞
資料竊取,attack,竊取,attack,0.8508,0.9,資料竊取和竊取在攻擊行為或攻擊手法的本體論類別下是語意等價的
非法存取,attack,未授權存取,attack,0.8491,0.9,非法存取和未授權存取在攻擊行為或攻擊手法的本體論類別中是同義詞
資料篡改,attack,竄改,attack,0.8488,0.9,資料篡改和竄改是同義詞，均指未經授權修改資料的行為
勒索程式,attack,勒索病毒,attack,0.8478,0.9,節點 A 和節點 B 的名稱語意相近，均指涉及勒索的惡意程式或病毒
緩衝區溢位攻擊,attack,緩衝區溢位攻擊（buffer overflow）,attack,0.8477,1.0,兩節點名稱語意等價
分散式阻斷服務攻擊,attack,分散式阻斷服務攻擊 (ddos),attack,0.8476,1.0,兩節點名稱語意等價，都是指分散式阻斷服務攻擊
郵件釣魚攻擊,attack,釣魚攻擊,attack,0.8474,0.9,節點 A 和節點 B 都描述了釣魚攻擊的概念，只是節點 A 專門指郵件形式的釣魚攻擊
詐騙,attack,詐欺攻擊,attack,0.8472,0.9,詐騙和詐欺攻擊語意相近，指稱相同的攻擊行為
釣魚攻擊（phishing）,attack,釣魚式攻擊,attack,0.8472,0.9,節點 A 和節點 B 的名稱語意等價，都是指釣魚攻擊的行為
篡改,attack,資料竄改,attack,0.8465,0.9,篡改和資料竄改是同義詞，均指修改或竄改資料的行為
資料篡改,attack,篡改,attack,0.8462,0.9,節點 A 和節點 B 的名稱語意等價，均指資料被修改的攻擊行為
系統中毒,attack,中毒,attack,0.8454,0.9,系統中毒和中毒在攻擊行為或攻擊手法的本體論類別下是語意等價的
駭客入侵,attack,入侵,attack,0.8453,0.9,駭客入侵和入侵是相關的攻擊行為，且入侵是駭客入侵的標準化形式
竊聽,attack,竊聽攻擊,attack,0.8451,0.9,竊聽和竊聽攻擊語意等價
syn flooding,attack,syn洪水攻擊,attack,0.843,0.9,syn flooding 和 syn洪水攻擊是同義詞
漏洞利用攻擊,attack,弱點利用攻擊,attack,0.8427,0.9,漏洞利用攻擊和弱點利用攻擊是同義詞
密碼驗證攻擊,attack,基於密碼的攻擊,attack,0.8426,0.9,兩節點名稱語意相近，均指涉密碼相關的攻擊行為
攻擊行為,attack,攻擊方法,attack,0.8426,0.9,攻擊行為和攻擊方法在本體論類別attack下為同義詞
跨站請求偽造攻擊,attack,跨站請求偽造攻擊（csrf）,attack,0.8423,1.0,兩節點名稱語意等價
跨網站腳本攻擊,attack,跨站腳本攻擊 (xss),attack,0.8422,0.9,兩節點名稱語意等價，都是描述跨網站腳本攻擊的不同表達方式
sql injection 攻擊,attack,sql資料隱碼攻擊,attack,0.841,0.9,sql injection 攻擊和 sql 資料隱碼攻擊是同義詞
企業機密外洩,attack,資料洩漏,attack,0.8408,0.9,企業機密外洩和資料洩漏是同義詞，均指敏感資訊的未經授權揭露
資通安全事件,attack,資訊安全事故,attack,0.8405,0.9,兩節點名稱語意相近，均指資安事件
泛洪攻擊,attack,syn 洪水攻擊,attack,0.8399,0.9,syn 洪水攻擊是泛洪攻擊的一種特定形式
惡意入侵事件,attack,電腦系統入侵事件,attack,0.8368,0.9,兩節點名稱語意相近，均指涉入侵事件
sql injection,attack,sql injection 攻擊,attack,0.836,0.9,節點 A 和節點 B 的名稱語意等價，都是指 SQL 注入攻擊
分散式阻斷服務攻擊,attack,阻斷服務攻擊 (dos),attack,0.8359,0.9,分散式阻斷服務攻擊是阻斷服務攻擊的一種特定形式
資料竊取,attack,盜竊,attack,0.8358,0.9,資料竊取和盜竊在攻擊行為或攻擊手法的本體論類別中是同義詞
跨網站腳本攻擊,attack,跨站指令碼攻擊,attack,0.8356,0.9,跨網站腳本攻擊和跨站指令碼攻擊是同義詞
連線劫持,attack,tcp/ip 劫持,attack,0.835,0.9,連線劫持和TCP/IP劫持都是描述攻擊行為中攔截和控制連線的概念
sql injection,attack,sql資料隱碼攻擊,attack,0.8346,0.9,sql injection 和 sql 資料隱碼攻擊是同義詞
未經授權存取,attack,非法存取,attack,0.8343,0.9,未經授權存取和非法存取是同義詞，均指未經授權的存取行為
電腦系統入侵事件,attack,駭客入侵,attack,0.8341,0.9,電腦系統入侵事件和駭客入侵語意相近，均指涉及未經授權的系統存取
勒索軟體攻擊,attack,勒索程式,attack,0.834,0.9,節點 A 和節點 B 的名稱語意等價，都是指利用軟體或程式進行勒索的攻擊行為
金鑰淪陷攻擊,attack,金鑰竊取攻擊,attack,0.8329,0.9,金鑰淪陷攻擊和金鑰竊取攻擊在語意上相近，均指涉及金鑰被攻擊者取得的攻擊行為
網路竊聽,attack,網路監聽,attack,0.8323,0.9,網路竊聽和網路監聽是同義詞
間諜程式,attack,間諜軟體,attack,0.832,0.9,間諜程式和間諜軟體是同義詞
syn flooding,attack,syn 洪水攻擊,attack,0.8317,0.9,syn flooding 和 syn 洪水攻擊 是同義詞
冒名郵件,attack,欺騙電子郵件,attack,0.831,0.9,節點 A 和節點 B 的名稱語意等價，都是指通過電子郵件進行欺騙的攻擊行為
勒索軟體攻擊,attack,勒索病毒,attack,0.83,0.9,節點 A 和節點 B 都指涉到利用軟體或病毒進行勒索的攻擊行為
網路竊聽,attack,竊聽攻擊,attack,0.8289,0.9,節點 A 和節點 B 的名稱語意等價，均指涉竊聽攻擊行為
隱私外洩,attack,資料洩漏,attack,0.8286,0.9,隱私外洩和資料洩漏是同義詞，均指涉及敏感信息的泄露
分散式阻斷服務攻擊,attack,分散式阻斷服務 (ddos) 攻擊,attack,0.8272,1.0,兩節點名稱語意等價，都是描述分散式阻斷服務攻擊的不同表達形式
勒索軟體,attack,勒索病毒,attack,0.8267,0.9,節點 A 和節點 B 的名稱語意等價，都是指利用軟體或病毒進行勒索的攻擊行為
ddos 攻擊,attack,分散式阻斷服務 (ddos) 攻擊,attack,0.824,1.0,節點 A 和節點 B 的名稱語意等價，都是描述 DDoS 攻擊的不同表達方式
重送攻擊 (replay attack),attack,重播攻擊,attack,0.8238,0.9,重送攻擊和重播攻擊是同義詞
dos/ddos 攻擊,attack,分散式阻斷服務 (ddos) 攻擊,attack,0.8233,0.9,節點 A 和節點 B 的名稱語意等價，都是描述分散式阻斷服務攻擊
入侵企圖,attack,駭客入侵,attack,0.8223,0.9,入侵企圖和駭客入侵都是描述攻擊行為的同義詞
垃圾郵件,attack,冒名郵件,attack,0.822,0.9,垃圾郵件和冒名郵件都是指未經許可的郵件，語意上相近
分散式阻斷服務攻擊,attack,分散式攻擊,attack,0.8209,0.9,兩節點名稱語意相近，分散式阻斷服務攻擊是分散式攻擊的一種特定形式
ping of death 攻擊,attack,死亡偵測攻擊,attack,0.8178,0.9,節點 A 和節點 B 的名稱雖然不同，但都指稱同一個攻擊行為，即 ping of death 攻擊
病毒程式,attack,惡意程式,attack,0.8178,0.9,病毒程式和惡意程式在攻擊行為或攻擊手法的本體論類別下是相關的概念，且惡意程式是病毒程式的廣義稱謂
緩衝區溢位攻擊,attack,緩衝區溢位,attack,0.8167,0.9,節點 A 和節點 B 的名稱語意基本等價，都是指緩衝區溢位的攻擊行為
郵件釣魚攻擊,attack,網路釣魚郵件,attack,0.8165,0.9,節點 A 和節點 B 的名稱語意等價，都是指釣魚攻擊的手法
分散式阻斷服務 (ddos),attack,ddos,attack,0.8163,1.0,節點 A 和節點 B 的名稱語意等價，都是指分散式阻斷服務（DDoS）
堆疊溢位,attack,緩衝區溢位,attack,0.8159,0.9,堆疊溢位和緩衝區溢位是同義詞，指稱相同的攻擊行為或攻擊手法
ddos 攻擊,attack,ddos,attack,0.8157,1.0,ddos 攻擊和 ddos 是同義詞
釣魚攻擊,attack,釣魚攻擊（phishing）,attack,0.8142,1.0,兩節點名稱語意等價
事件,attack,攻擊事件,attack,0.8125,0.9,兩節點名稱語意相近，事件和攻擊事件都指涉攻擊行為
未經授權存取,attack,未授權行為,attack,0.8105,0.9,未經授權存取和未授權行為語意相近，均指未經授權的行為
ddos,attack,分散式阻斷服務攻擊 (ddos),attack,0.8089,1.0,節點 A 和節點 B 的名稱語意等價，都是指分散式阻斷服務攻擊
syn 洪水攻擊,attack,tcp syn flood 攻擊,attack,0.808,0.9,節點 A 和節點 B 都描述了 SYN 洪水攻擊的概念
未經授權的資料存取,attack,未經授權的存取,attack,0.8065,0.9,節點 A 和節點 B 的名稱語意等價，均指未經授權的存取行為
分散式阻斷服務攻擊,attack,分散式阻斷服務 (ddos),attack,0.8061,0.9,兩節點名稱語意等價，分散式阻斷服務攻擊和分散式阻斷服務（DDoS）指稱同一概念
網路釣魚,attack,網路釣魚攻擊,attack,0.8056,0.9,節點 A 和節點 B 的名稱語意等價，都是指網路釣魚的攻擊行為
注入 (injection) 攻擊,attack,sql injection 隱碼攻擊,attack,0.8053,0.9,節點 A 和節點 B 都描述了注入攻擊的概念，節點 B 的名稱是節點 A 的具體實例
入侵事件,attack,攻擊事件,attack,0.8051,0.9,入侵事件和攻擊事件在攻擊行為或攻擊手法的本體論類別下是語意等價的
黑洞攻擊,attack,蟲洞攻擊,attack,0.8044,0.9,黑洞攻擊和蟲洞攻擊是同義詞
tcp syn flood 攻擊,attack,syn洪水攻擊,attack,0.8043,0.9,tcp syn flood 攻擊和 syn 洪水攻擊是同義詞
垃圾郵件,attack,垃圾郵件攻擊,attack,0.801,0.9,兩節點名稱語意相近，垃圾郵件攻擊是垃圾郵件的一種特定形式
資通安全事件,attack,攻擊事件,attack,0.8004,0.9,兩節點名稱語意等價，均指涉資安事件的攻擊行為
安全性漏洞,vulnerability,安全漏洞,vulnerability,0.9913,0.9,節點 A 和節點 B 的名稱語意等價，都是指系統或軟體中的安全弱點
漏洞,vulnerability,安全漏洞,vulnerability,0.9611,0.9,節點 A 和節點 B 的名稱語意等價，均指稱系統或軟體中的安全弱點
不安全的反序列化,vulnerability,不安全的反序列化漏洞,vulnerability,0.9503,0.9,兩節點名稱語意相近，均指涉不安全的反序列化問題
安全性漏洞,vulnerability,漏洞,vulnerability,0.9461,0.9,節點 A 和節點 B 的名稱語意等價，都是指系統或軟體中的安全弱點
程式漏洞,vulnerability,漏洞,vulnerability,0.9364,0.9,程式漏洞和漏洞是同義詞，均指系統或軟體中的安全弱點
個人隱私洩漏,vulnerability,洩漏個人資訊,vulnerability,0.9355,0.9,兩節點名稱語意等價，均指涉及個人隱私信息的洩漏
程式漏洞,vulnerability,軟體漏洞,vulnerability,0.9337,0.9,程式漏洞和軟體漏洞是同義詞
程式漏洞,vulnerability,安全漏洞,vulnerability,0.9217,0.9,程式漏洞和安全漏洞是同義詞，均指系統或軟體中的安全弱點
軟體漏洞,vulnerability,安全漏洞,vulnerability,0.9207,0.9,軟體漏洞和安全漏洞是同義詞，均指系統或軟體中的安全弱點
vulnerability,vulnerability,脆弱性,vulnerability,0.9118,1.0,節點 A 和節點 B 的名稱語意等價，都是指系統或軟體中的安全弱點
資訊洩漏弱點,vulnerability,資訊洩露漏洞,vulnerability,0.9103,0.9,兩節點名稱語意等價，均指資訊安全中的洩漏弱點
程式漏洞,vulnerability,安全性漏洞,vulnerability,0.909,0.9,程式漏洞和安全性漏洞是同義詞，均指系統或軟體中的安全弱點
安全性漏洞,vulnerability,軟體漏洞,vulnerability,0.908,0.9,節點 A 和節點 B 的名稱語意等價，均指系統或軟體中的安全弱點
脆弱性,vulnerability,脆弱點,vulnerability,0.903,0.9,兩節點名稱語意等價，均指系統或軟體中的安全弱點
系統漏洞,vulnerability,漏洞,vulnerability,0.902,0.9,系統漏洞和漏洞是同義詞
系統漏洞,vulnerability,安全漏洞,vulnerability,0.8884,0.9,系統漏洞和安全漏洞是同義詞
系統漏洞,vulnerability,安全性漏洞,vulnerability,0.8838,0.9,系統漏洞和安全性漏洞是同義詞
安全隱患,vulnerability,安全性問題,vulnerability,0.8821,0.9,安全隱患和安全性問題在本體論類別vulnerability下是同義詞
程式漏洞,vulnerability,原始碼漏洞,vulnerability,0.8816,0.9,程式漏洞和原始碼漏洞都是指系統或軟體中的安全弱點，且兩者名稱語意相近
資料外洩漏洞,vulnerability,資訊洩露漏洞,vulnerability,0.8799,0.9,資料外洩漏洞和資訊洩露漏洞是同義詞
安全隱患,vulnerability,安全性漏洞,vulnerability,0.8797,0.9,節點 A 和節點 B 的名稱語意等價，均指系統或軟體中的安全弱點
敏感資料洩漏,vulnerability,資訊洩露漏洞,vulnerability,0.8761,0.9,節點 A 和節點 B 的名稱語意相近，均指涉及資訊或資料的安全弱點
系統弱點,vulnerability,弱點,vulnerability,0.8737,0.9,系統弱點和弱點是同義詞
未做好輸入查驗 (input validation),vulnerability,未做好輸入查驗,vulnerability,0.873,1.0,兩節點名稱語意完全相同
安全設定錯誤,vulnerability,錯誤設定,vulnerability,0.8721,0.9,節點 A 和節點 B 的名稱語意相近，均指涉安全設定的錯誤
錯誤設定,vulnerability,系統設定錯誤,vulnerability,0.8678,0.9,節點 A 和節點 B 的名稱語意等價，均指系統設定中的錯誤
安全隱患,vulnerability,安全性弱點,vulnerability,0.863,0.9,節點 A 和節點 B 的名稱語意等價，都是指系統或軟體中的安全弱點
資料外洩漏洞,vulnerability,敏感資料洩漏,vulnerability,0.8561,0.9,資料外洩漏洞和敏感資料洩漏是同義詞
vulnerability,vulnerability,脆弱點,vulnerability,0.8504,1.0,節點 A 和節點 B 的名稱語意等價，都是指系統或軟體中的安全弱點
系統漏洞,vulnerability,系統弱點,vulnerability,0.8493,0.9,系統漏洞和系統弱點是同義詞
程式語言本身的漏洞,vulnerability,原始碼漏洞,vulnerability,0.8487,0.9,程式語言本身的漏洞和原始碼漏洞都是指系統或軟體中的安全弱點，兩者語意相近
洩漏個人資訊,vulnerability,資訊洩露漏洞,vulnerability,0.8468,0.9,兩節點名稱語意等價，均指涉資訊洩露的安全弱點
脆弱點,vulnerability,弱點,vulnerability,0.8467,0.9,兩節點名稱語意等價，均指系統或軟體中的安全弱點
資訊資產脆弱點,vulnerability,脆弱性,vulnerability,0.8466,0.9,兩節點名稱語意等價，均指系統或軟體中的安全弱點
資訊資產脆弱點,vulnerability,脆弱點,vulnerability,0.8367,0.9,兩節點名稱語意等價，均指稱系統或軟體中的安全弱點
存取控制失效,vulnerability,存取控制不足,vulnerability,0.8365,0.9,存取控制失效和存取控制不足是同義詞
安全性弱點,vulnerability,弱點,vulnerability,0.8333,0.9,節點 A 和節點 B 的名稱語意等價，都是指系統或軟體中的安全弱點
xss 缺陷,vulnerability,xss,vulnerability,0.8311,0.9,兩節點名稱語意等價，均指稱XSS安全弱點
資訊洩漏弱點,vulnerability,敏感資料洩漏,vulnerability,0.8292,0.9,兩節點名稱語意等價，均指涉及敏感資訊的洩漏
脆弱性,vulnerability,弱點,vulnerability,0.826,0.9,兩節點名稱語意等價，均指系統或軟體中的安全弱點
系統弱點,vulnerability,安全性弱點,vulnerability,0.8242,0.9,系統弱點和安全性弱點是同義詞
系統弱點,vulnerability,脆弱點,vulnerability,0.8125,0.9,系統弱點和脆弱點是同義詞
安全防護缺失,vulnerability,安全性弱點,vulnerability,0.8118,0.9,節點 A 和節點 B 的名稱語意等價，均指稱系統或軟體中的安全弱點
脆弱性,vulnerability,系統弱點,vulnerability,0.8112,0.9,兩節點名稱語意等價，均指系統或軟體中的安全弱點
脆弱性,vulnerability,安全性弱點,vulnerability,0.8096,0.9,兩節點名稱語意等價，均指系統或軟體中的安全弱點
存取控制失效,vulnerability,不當的存取控制,vulnerability,0.8075,0.9,兩節點名稱語意等價，均指存取控制的安全弱點
不當的存取控制,vulnerability,存取控制不足,vulnerability,0.8033,0.9,兩節點名稱語意相近，均指存取控制的不足
vulnerability,vulnerability,安全性弱點,vulnerability,0.8028,1.0,節點 A 和節點 B 的名稱語意等價，都是指系統或軟體中的安全弱點
vulnerability,vulnerability,資訊資產脆弱點,vulnerability,0.8023,0.9,節點 A 和節點 B 的名稱語意等價，都是指系統或軟體中的安全弱點
資料外洩漏洞,vulnerability,資訊洩漏弱點,vulnerability,0.8013,0.9,資料外洩漏洞和資訊洩漏弱點是同義詞
風險評估,technique,風險評鑑,technique,0.9699,0.9,風險評估和風險評鑑是同義詞
多因素身分驗證,technique,多因素身份驗證,technique,0.9694,1.0,節點 A 和節點 B 的名稱語意等價，都是指多因素驗證的概念
雙因素認證,technique,雙因子認證,technique,0.9686,0.9,雙因素認證和雙因子認證是同義詞
完整備份,technique,完全備份,technique,0.9684,1.0,完整備份和完全備份是同義詞
2fa 驗證,technique,2fa 認證,technique,0.9677,0.9,2fa 驗證和 2fa 認證是同義詞
基於行為的安全方法,technique,基於行為的安全,technique,0.9624,0.9,節點 A 和節點 B 的名稱語意相近，均描述基於行為的安全方法
資產分類分級,technique,資產分類與分級,technique,0.9616,0.9,節點名稱語意等價
原碼掃描,technique,原始碼掃描,technique,0.9611,0.9,原碼掃描和原始碼掃描是同義詞
強制存取控制 (mac),technique,強制型存取控制 (mac),technique,0.9591,0.9,兩節點名稱語意等價，都是描述強制存取控制的技術方法
公開金鑰密碼演算法,technique,公開金鑰加密演算法,technique,0.9571,0.9,公開金鑰密碼演算法和公開金鑰加密演算法是同義詞
多因子認證,technique,多因素驗證,technique,0.9462,0.9,多因子認證和多因素驗證是同義詞
風險識別,technique,風險辨識,technique,0.9411,0.9,風險識別和風險辨識是同義詞
程式原碼檢測,technique,程式碼檢測,technique,0.9399,0.9,程式原碼檢測和程式碼檢測是同義詞
軟體系統更新,technique,軟體更新,technique,0.9363,0.9,軟體系統更新和軟體更新是語意等價的表達
技術型存取控制,technique,存取控制技術,technique,0.9346,0.9,兩節點名稱語意等價，都是描述存取控制的技術方法
源碼檢測,technique,源碼掃描,technique,0.9271,0.9,源碼檢測和源碼掃描是同義詞
程式原碼檢測,technique,原始碼檢測,technique,0.9236,0.9,程式原碼檢測和原始碼檢測是同義詞
程式碼簽署 (code signing),technique,code signing,technique,0.9212,1.0,節點 A 和節點 B 的名稱語意等價
資料庫安全稽核,technique,資料庫稽核,technique,0.9194,0.9,節點 A 和節點 B 的名稱語意相近，資料庫安全稽核和資料庫稽核可以視為同義詞
google hacking,technique,google 駭客 (google-hacking),technique,0.9186,0.9,節點 A 和節點 B 的名稱語意等價，都是指利用 Google 搜索引擎進行駭客攻擊的技術
plan,technique,計畫,technique,0.9184,0.9,plan 和 計畫 是同義詞
程式碼掃描,technique,原碼掃描,technique,0.9177,0.9,程式碼掃描和原碼掃描是同義詞
源碼掃描,technique,原始碼掃描,technique,0.917,0.9,源碼掃描和原始碼掃描是同義詞
源碼掃描,technique,原碼掃描,technique,0.9151,0.9,源碼掃描和原碼掃描是同義詞
數位簽章驗證程序,technique,數位簽章驗證,technique,0.9145,0.9,節點名稱語意相近，數位簽章驗證程序和數位簽章驗證指稱同一概念
程式原碼檢測,technique,原碼掃描,technique,0.91,0.9,程式原碼檢測和原碼掃描是同義詞，指稱相同的技術方法或手段
check,technique,檢查,technique,0.9099,0.9,節點 A 和節點 B 的名稱語意等價，都是指檢查的意思
資訊資產分級,technique,資產分類分級,technique,0.9098,0.9,節點名稱語意相近，資訊資產分級和資產分類分級都指涉資產的分級評估
原始碼檢測,technique,原始碼掃描,technique,0.9095,0.9,原始碼檢測和原始碼掃描是同義詞
終端輸入驗證與過濾,technique,端點輸入驗證與過濾,technique,0.9077,0.9,節點名稱語意等價，僅詞彙稍有不同
單元測試,technique,單元測試 (unit test),technique,0.9024,1.0,兩節點名稱語意等價，節點B為節點A的英文標準化形式
原始碼檢測,technique,原碼掃描,technique,0.9011,0.9,原始碼檢測和原碼掃描是同義詞
程式碼掃描,technique,程式碼檢測,technique,0.9,0.9,程式碼掃描和程式碼檢測是同義詞
源碼檢測,technique,原始碼檢測,technique,0.8955,0.9,源碼檢測和原始碼檢測是同義詞
入侵偵測,technique,入侵偵測技術,technique,0.8944,0.9,入侵偵測和入侵偵測技術在本體論類別technique下為同義詞
check,technique,檢查 (check),technique,0.8939,1.0,節點 A 和節點 B 的名稱語意等價，都是指檢查的意思
功能測試,technique,功能測試 (function test),technique,0.8928,1.0,兩節點名稱語意等價
去識別化,technique,去識別化處理,technique,0.8862,0.9,兩節點名稱語意等價，去識別化和去識別化處理指稱同一概念
程式碼掃描,technique,原始碼掃描,technique,0.885,0.9,程式碼掃描和原始碼掃描是同義詞
程式原碼檢測,technique,程式碼掃描,technique,0.882,0.9,程式原碼檢測和程式碼掃描是同義詞
密碼技術,technique,加解密技術,technique,0.8799,0.9,密碼技術和加解密技術是密碼學中相關的概念，密碼技術涵蓋了加解密技術
plan,technique,計畫 (plan),technique,0.8774,1.0,節點 A 和節點 B 的名稱語意等價
行動,technique,行動 (action),technique,0.8755,1.0,兩節點名稱語意等價
網路弱點掃描,technique,弱點掃描,technique,0.8747,0.9,節點 A 和節點 B 的名稱語意相近，網路弱點掃描是弱點掃描的一種特定形式
資訊資產分級,technique,資產分類與分級,technique,0.8738,0.9,節點 A 和節點 B 的名稱語意相近，均涉及資產的分級和分類
縱深防禦,technique,縱深防禦 (defense in depth),technique,0.8723,1.0,兩節點名稱語意等價，節點 B 提供的英文名稱是節點 A 的標準化形式
漏洞掃描,technique,網路弱點掃描,technique,0.8711,0.9,漏洞掃描和網路弱點掃描是同義詞
資料分析,technique,資料分析技術,technique,0.8698,0.9,節點名稱語意相近，資料分析和資料分析技術指稱同一概念
多因素驗證,technique,多因素身份驗證,technique,0.8691,0.9,多因素驗證和多因素身份驗證是同義詞
稽核,technique,稽核活動,technique,0.8661,0.9,稽核和稽核活動是同義詞
原始碼分析,technique,程式原碼檢測,technique,0.8647,0.9,節點 A 和節點 B 的名稱語意相近，均指涉及程式碼的分析或檢測
原始碼檢測,technique,程式碼檢測,technique,0.8627,0.9,節點 A 和節點 B 的名稱語意等價，都是指檢測程式碼的技術方法
pdca循環,technique,pdca,technique,0.8602,0.9,pdca循環和pdca是同義詞，指稱同一個概念
資料探勘技術,technique,資料探勘,technique,0.8591,0.9,節點 A 和節點 B 的名稱語意相近，資料探勘技術是資料探勘的具體方法或手段
源碼掃描,technique,程式碼掃描,technique,0.859,0.9,源碼掃描和程式碼掃描是同義詞
penetration testing,technique,滲透測試,technique,0.8589,1.0,滲透測試是penetration testing的中文翻譯
時間同步,technique,同步時脈 (clock synchronization),technique,0.8581,0.9,時間同步和同步時脈是同義詞，指的是保持多個時鐘或系統之間的時間一致性
多因素身分驗證,technique,多因素驗證,technique,0.8574,0.9,多因素身分驗證和多因素驗證是同義詞
資產盤點,technique,資產清單,technique,0.8572,0.9,資產盤點和資產清單是同義詞，均指進行資產的清查和記錄
漏洞掃描,technique,弱點掃描,technique,0.8569,0.9,漏洞掃描和弱點掃描是同義詞
多因子認證,technique,多因素身份驗證,technique,0.8567,0.9,多因子認證和多因素身份驗證是同義詞
計畫,technique,計畫 (plan),technique,0.8558,1.0,兩節點名稱語意等價
安全程式開發,technique,安全性軟體開發流程,technique,0.8548,0.9,節點 A 和節點 B 的名稱語意相近，均指涉及安全的軟體開發方法
程式原碼檢測,technique,原始碼掃描,technique,0.8542,0.9,程式原碼檢測和原始碼掃描是同義詞
原始碼分析,technique,原碼掃描,technique,0.8541,0.9,原始碼分析和原碼掃描是同義詞
程式原碼檢測,technique,源碼檢測,technique,0.8538,0.9,程式原碼檢測和源碼檢測是同義詞
threat modeling,technique,威脅建模,technique,0.8527,0.9,節點 A 和節點 B 的名稱語意等價，都是指稱威脅建模的技術方法
密碼加鹽,technique,加鹽,technique,0.8521,0.9,密碼加鹽和加鹽在密碼學中是相關的概念，且密碼加鹽可以被視為加鹽的具體應用
檢查,technique,檢查 (check),technique,0.8513,1.0,兩節點名稱語意等價
輸入查驗,technique,輸入值的驗證,technique,0.8508,0.9,輸入查驗和輸入值的驗證是同義詞
漏洞掃描,technique,應用程式弱點掃描,technique,0.8506,0.9,漏洞掃描和應用程式弱點掃描是同義詞，指的是用於發現系統或應用程式中安全漏洞的技術方法
風險評估,technique,資訊安全風險評鑑,technique,0.8485,0.9,風險評估和資訊安全風險評鑑是同義詞
對稱加密,technique,對稱金鑰演算法,technique,0.848,0.9,對稱加密和對稱金鑰演算法是同義詞
輸入條件檢查,technique,輸入查驗,technique,0.8472,0.9,輸入條件檢查和輸入查驗是同義詞
源碼掃描,technique,原始碼檢測,technique,0.8471,0.9,源碼掃描和原始碼檢測是同義詞
社會工程學,technique,社交工程,technique,0.8469,0.9,社會工程學和社交工程是同義詞
風險評估,technique,詳細風險評鑑,technique,0.843,0.9,風險評估和詳細風險評鑑是同義詞
緊急應變處置,technique,緊急處理程序,technique,0.8422,0.9,兩節點名稱語意相近，均指涉及應對緊急情況的處置或程序
多因素身分驗證,technique,多因子認證,technique,0.842,0.9,多因素身分驗證和多因子認證是同義詞
源碼檢測,technique,原碼掃描,technique,0.8407,0.9,源碼檢測和原碼掃描是同義詞
存取控制方法,technique,資料存取控制,technique,0.8405,0.9,存取控制方法和資料存取控制是同義詞
漏洞掃描,technique,漏洞測試,technique,0.8356,0.9,漏洞掃描和漏洞測試是同義詞，指稱相同的技術方法或手段
管理型存取控制,technique,存取控制技術,technique,0.8355,0.9,兩節點名稱語意相近，均指涉存取控制的技術方法
原碼掃描,technique,程式碼檢測,technique,0.8348,0.9,原碼掃描和程式碼檢測是同義詞
雙向認證程序,technique,雙重認證,technique,0.8343,0.9,雙向認證程序和雙重認證是同義詞
源碼檢測,technique,原始碼掃描,technique,0.8337,0.9,源碼檢測和原始碼掃描是同義詞
存取控制方法,technique,存取控制技術,technique,0.8281,0.9,存取控制方法和存取控制技術是同義詞
輸入驗證方法,technique,輸入查驗,technique,0.8278,0.9,輸入驗證方法和輸入查驗是同義詞
任意型存取控制,technique,資料存取控制,technique,0.8276,0.9,節點 A 和節點 B 的名稱語意相近，均指涉及存取控制的技術方法
程式碼掃描,technique,原始碼檢測,technique,0.8268,0.9,程式碼掃描和原始碼檢測是同義詞
強制型存取控制,technique,強制型存取控制 (mac),technique,0.8264,0.9,兩節點名稱語意等價，強制型存取控制和強制型存取控制 (mac) 指稱相同的概念
雙因素認證,technique,雙重認證,technique,0.826,0.9,雙因素認證和雙重認證是同義詞
程式原碼檢測,technique,源碼掃描,technique,0.8236,0.9,程式原碼檢測和源碼掃描是同義詞
凱薩演算法,technique,柵欄演算法,technique,0.8219,1.0,凱薩演算法和柵欄演算法是同義詞
雙重認證,technique,雙因子認證,technique,0.8218,0.9,雙重認證和雙因子認證是同義詞
實體型存取控制,technique,資料存取控制,technique,0.8203,0.9,節點 A 和節點 B 的名稱語意相近，均指涉及控制存取的技術方法
雙因素認證,technique,多因子認證,technique,0.8202,0.9,雙因素認證和多因子認證是同義詞，都是指使用多種因素進行身份驗證的技術方法
執行階段,technique,實作階段,technique,0.8193,0.9,執行階段和實作階段是同義詞
猜測密碼,technique,密碼破解,technique,0.8189,0.9,猜測密碼和密碼破解是密碼攻擊的同義詞
實體型存取控制,technique,存取控制技術,technique,0.8177,0.9,兩節點名稱語意等價，存取控制技術是實體型存取控制的標準化形式
資料分級,technique,資訊資產分級,technique,0.817,0.9,資料分級和資訊資產分級是同義詞，均指將資訊或資料按照重要性或敏感度進行分類和評級
任意型存取控制,technique,存取控制技術,technique,0.8167,0.9,節點名稱語意相近，存取控制技術是任意型存取控制的一種標準化形式
軟體系統更新,technique,安全更新,technique,0.8162,0.9,軟體系統更新和安全更新在本體論類別technique下具有語意等價性
多因子認證,technique,多重要素驗證,technique,0.816,0.9,多因子認證和多重要素驗證是同義詞
因子認證,technique,多因素驗證,technique,0.8146,0.9,因子認證和多因素驗證是同義詞，都是指使用多個因子來驗證用戶身份的技術方法
多因素驗證,technique,多重要素驗證,technique,0.8144,0.9,多因素驗證和多重要素驗證是同義詞
原始碼分析,technique,程式碼掃描,technique,0.8137,0.9,原始碼分析和程式碼掃描是同義詞
輸入驗證方法,technique,輸入值的驗證,technique,0.8117,0.9,兩節點名稱語意等價，都是描述驗證輸入的方法
source code review,technique,程式碼檢測,technique,0.8099,0.9,source code review 和 程式碼檢測 是同義詞
check,technique,驗證,technique,0.8093,0.9,check 和 驗證 是同義詞
資料存取控制,technique,存取控制技術,technique,0.8082,0.9,兩節點名稱語意等價，都是描述存取控制的技術方法
加解密演算法,technique,加解密技術,technique,0.8071,0.9,節點 A 和節點 B 的名稱語意相近，均指涉加解密的技術方法
penetration testing,technique,漏洞測試,technique,0.8053,0.9,penetration testing 和 漏洞測試 是同義詞
營運衝擊分析,technique,營運衝擊分析 (bia),technique,0.8052,1.0,兩節點名稱語意等價
雙因素認證,technique,多因素驗證,technique,0.8044,0.9,雙因素認證和多因素驗證都是用於驗證用戶身份的技術方法，雖然名稱不同，但其實質是相同的安全技術手段
輸入條件檢查,technique,輸入值的驗證,technique,0.8027,0.9,輸入條件檢查和輸入值的驗證是同義詞
act,technique,行動,technique,0.8017,0.9,act 和 行動 是語意等價的同義詞
源碼檢測,technique,程式碼檢測,technique,0.8015,0.9,源碼檢測和程式碼檢測是同義詞
鑑識追蹤,technique,追蹤技術,technique,0.8007,0.9,鑑識追蹤和追蹤技術在技術方法或手段的語意上相當接近
國際移動用戶識別碼(imsi),data,國際移動用戶識別碼 (imsi),data,0.9963,1.0,兩節點名稱完全相同
帳號及密碼,data,帳號與密碼,data,0.995,0.9,兩節點名稱語意等價，都是指帳號和密碼的組合
系統紀錄,data,系統記錄,data,0.9886,1.0,系統紀錄和系統記錄是同義詞
操作紀錄,data,操作記錄,data,0.9818,0.9,操作紀錄和操作記錄是同義詞
資料傳輸,data,傳輸資料,data,0.9803,0.9,資料傳輸和傳輸資料是語意等價的表達
敏感檔案,data,敏感文件,data,0.9776,0.9,節點 A 和節點 B 的名稱語意等價，均指稱機密或保密的檔案或文件
檔案,data,文件檔案,data,0.9759,0.9,檔案和文件檔案在此語境下是同義詞
文件,data,檔案,data,0.9739,0.9,文件和檔案在資訊或資料的本體論類別中是同義詞
機密性資料,data,機密資料,data,0.9738,0.9,機密性資料和機密資料在語意上相當接近，差異主要在於『性』的修飾，可能是同義詞或標準化形式
網際網路封包,data,網路封包,data,0.9716,0.9,網際網路封包和網路封包在此語境下是同義詞
文件,data,文件檔案,data,0.9697,0.9,文件和文件檔案在此語境下為同義詞
帳號及密碼,data,帳號/密碼,data,0.9693,0.9,節點 A 和節點 B 的名稱語意等價，都是指帳號和密碼的組合
帳號/密碼,data,帳號與密碼,data,0.969,0.9,帳號/密碼和帳號與密碼語意等價
密碼檔,data,密碼檔案,data,0.9684,0.9,節點 A 和節點 B 的名稱語意等價，都是指密碼相關的檔案
機密檔案,data,機密文件,data,0.9668,0.9,機密檔案和機密文件是同義詞
敏感性資料,data,敏感資料,data,0.9652,0.9,節點 A 和節點 B 的名稱語意等價，都是指涉及敏感信息的資料
個人資料,data,個人資訊,data,0.9644,0.9,個人資料和個人資訊是同義詞
個人基本資料,data,個人資料,data,0.963,0.9,個人基本資料和個人資料是同義詞
敏感性資訊,data,敏感資訊,data,0.9613,0.9,兩節點名稱語意等價
用戶資料,data,使用者資料,data,0.9585,0.9,用戶資料和使用者資料是同義詞
操作紀錄,data,操作行為記錄,data,0.9576,0.9,操作紀錄和操作行為記錄是同義詞
操作記錄,data,操作行為記錄,data,0.955,0.9,操作記錄和操作行為記錄在語意上相近，且行為記錄可以視為記錄的標準化形式
敏感資訊,data,敏感資料,data,0.9479,0.9,節點 A 和節點 B 的名稱語意等價，都是指敏感的資訊或資料
.bash_history,data,~/.bash_history,data,0.944,0.9,節點 A 和節點 B 都指向使用者 bash 的命令歷史記錄檔
個人基本資料,data,個人資訊,data,0.9434,0.9,個人基本資料和個人資訊是同義詞
日誌,data,日誌記錄,data,0.9431,0.9,日誌和日誌記錄在資訊或資料的本體論類別中是同義詞
系統紀錄,data,系統紀錄資料,data,0.942,0.9,系統紀錄和系統紀錄資料在語意上相近，且都指涉系統中儲存的資料
機密資料,data,密文資料,data,0.9394,0.9,機密資料和密文資料都是指需要保密的資訊或資料
認證資訊,data,驗證資訊,data,0.9381,0.9,認證資訊和驗證資訊在資訊安全領域中常被視為同義詞
流量,data,網路流量,data,0.9374,0.9,節點 A 和節點 B 的名稱語意相近，均指涉網路流量
人事資料,data,員工資料,data,0.9298,0.9,人事資料和員工資料是同義詞
客戶資料庫,data,客戶資料,data,0.9293,0.9,節點 A 和節點 B 的名稱語意相近，均指涉客戶的資料
敏感個人資料,data,敏感資訊,data,0.9292,0.9,節點 A 和節點 B 的名稱語意相近，均指涉及個人隱私的敏感資訊
帳號密碼,data,帳號及密碼,data,0.9276,0.9,帳號密碼和帳號及密碼語意等價
帳號密碼,data,帳號與密碼,data,0.9276,0.9,帳號密碼和帳號與密碼語意等價
文件化資訊,data,資訊檔案,data,0.9264,0.9,文件化資訊和資訊檔案是同義詞
cookie資訊,data,cookie 資訊,data,0.9252,1.0,兩節點名稱語意完全相同
備份,data,備份資料,data,0.9249,0.9,兩節點名稱語意等價，備份和備份資料指稱同一個概念
系統紀錄資料,data,系統記錄,data,0.9249,0.9,系統紀錄資料和系統記錄語意相近，指稱相同概念
交易記錄,data,交易歷史紀錄,data,0.9238,0.9,節點 A 和節點 B 的名稱語意等價，都是指交易的歷史記錄
電腦檔案,data,檔案,data,0.9224,0.9,電腦檔案和檔案在此語境下是同義詞
機敏性資料,data,機敏資料,data,0.9221,0.9,機敏性資料和機敏資料是同義詞
機密文件,data,敏感文件,data,0.9204,0.9,機密文件和敏感文件是同義詞
帳號密碼,data,帳號/密碼,data,0.919,0.9,帳號密碼和帳號/密碼語意等價
敏感性資訊,data,敏感性資料,data,0.9182,0.9,節點 A 和節點 B 的名稱語意等價，都是指敏感的資訊或資料
用戶資訊,data,用戶資料,data,0.9181,0.9,用戶資訊和用戶資料是同義詞
敏感性資訊,data,敏感資料,data,0.917,0.9,節點 A 和節點 B 的名稱語意等價，都是指敏感的資訊或資料
個人重要資訊,data,個人資訊,data,0.9158,0.9,個人重要資訊和個人資訊在語意上相近，且都指涉個人相關的資訊
系統記錄檔,data,系統記錄,data,0.9136,0.9,系統記錄檔和系統記錄語意相近，檔可視為記錄的具體形式
應用程式記錄檔,data,應用程式日誌檔,data,0.9131,0.9,應用程式記錄檔和應用程式日誌檔是同義詞
應用程式日誌,data,應用程式日誌檔,data,0.9123,0.9,兩節點名稱語意相近，日誌和日誌檔指稱同一概念
機密性資料,data,敏感資料,data,0.9106,0.9,機密性資料和敏感資料在資訊安全領域中常被視為同義詞
日誌,data,日誌檔,data,0.9105,0.9,日誌和日誌檔是同義詞
公鑰,data,加密金鑰,data,0.909,0.9,公鑰和加密金鑰在資訊安全領域中是相關的概念，公鑰通常用於加密
機密資訊,data,機密性資料,data,0.9088,0.9,機密資訊和機密性資料是同義詞
檔案資料,data,文件檔案,data,0.9085,0.9,檔案資料和文件檔案在此語境下是同義詞
系統日誌,data,系統作業日誌,data,0.905,0.9,系統日誌和系統作業日誌在語意上相近，後者可視為前者的標準化形式
網路封包,data,封包,data,0.9045,0.9,節點 A 和節點 B 的名稱語意相近，網路封包和封包在此語境下可視為同義詞
系統紀錄,data,系統記錄檔,data,0.904,0.9,系統紀錄和系統記錄檔是同義詞
網際網路封包,data,ip 封包,data,0.9037,0.9,網際網路封包和IP封包在網路通訊中指稱相同的概念
商業營運秘密,data,營業秘密,data,0.9033,0.9,兩節點名稱語意相近，均指商業運營中的秘密信息
機密檔案,data,密碼檔案,data,0.9025,0.9,機密檔案和密碼檔案都是指需要保密的檔案
加密金鑰 kc,data,加密金鑰,data,0.9023,1.0,兩節點名稱語意等價
網路通訊資料,data,網路資料,data,0.9022,0.9,節點 A 和節點 B 的名稱語意相近，均指涉及網路的資料
系統記錄檔,data,系統日誌檔,data,0.9022,0.9,系統記錄檔和系統日誌檔是同義詞
系統作業日誌,data,作業日誌,data,0.9018,0.9,系統作業日誌和作業日誌語意相近，差異在於是否強調系統層面
記憶體資料,data,記憶體中資料,data,0.9018,0.9,兩節點名稱語意等價，都是指記憶體中的資料
設定檔,data,系統設定檔,data,0.9016,0.9,設定檔和系統設定檔是同義詞
機密資料,data,敏感資料,data,0.9003,0.9,機密資料和敏感資料在資訊安全領域中常被視為同義詞
ip 封包,data,網路封包,data,0.8998,0.9,ip 封包和網路封包在此語境下是同義詞
敏感性資料,data,敏感資訊,data,0.8995,0.9,節點 A 和節點 B 的名稱語意等價，都是指敏感的資訊或資料
機密資訊,data,機密資料,data,0.8984,0.9,機密資訊和機密資料是同義詞
機密檔案,data,敏感文件,data,0.8982,0.9,機密檔案和敏感文件是同義詞
電腦檔案,data,文件檔案,data,0.8978,0.9,電腦檔案和文件檔案在此語境下是同義詞
事件紀錄檔,data,事件記錄,data,0.8974,0.9,事件紀錄檔和事件記錄是同義詞
系統日誌,data,系統日誌檔,data,0.8973,0.9,系統日誌和系統日誌檔是同義詞
雲端服務資料,data,雲端資料,data,0.8967,0.9,兩節點名稱語意等價，雲端服務資料和雲端資料指稱同一概念
敏感文件,data,敏感資料,data,0.8958,0.9,節點 A 和節點 B 的名稱語意等價，均指涉及敏感的資訊或資料
交易記錄,data,交易記錄檔,data,0.8952,0.9,節點 A 和節點 B 的名稱語意相近，交易記錄和交易記錄檔指稱同一概念
封包,data,資料封包,data,0.8945,0.9,節點 A 和節點 B 的名稱語意等價，都是指封裝的資料單位
通訊資訊,data,通訊資料,data,0.8941,0.9,通訊資訊和通訊資料是同義詞
敏感檔案,data,機密文件,data,0.894,0.9,敏感檔案和機密文件是同義詞
個人資料檔案,data,個人資料,data,0.8934,0.9,個人資料檔案和個人資料是同義詞
認證資料,data,認證資訊,data,0.8922,0.9,認證資料和認證資訊是同義詞
日誌檔,data,日誌資料,data,0.8904,0.9,日誌檔和日誌資料在資訊或資料的本體論類別下是同義詞
系統紀錄資料,data,系統記錄檔,data,0.8881,0.9,系統紀錄資料和系統記錄檔是同義詞
密文,data,密文資料,data,0.8877,0.9,兩節點名稱語意等價，密文和密文資料都是指加密過的資料
個人資料檔案,data,個人基本資料,data,0.8867,0.9,個人資料檔案和個人基本資料在語意上相近，均指涉個人的基本資訊
通行碼,data,密碼,data,0.8851,0.9,通行碼和密碼都是用於驗證或授權的密碼或代碼
封包資料流,data,資料封包,data,0.8851,0.9,節點 A 和節點 B 的名稱語意等價，都是指封包中的資料
個人重要資訊,data,個人資料,data,0.8843,0.9,個人重要資訊和個人資料是同義詞
日誌資訊,data,日誌資料,data,0.884,0.9,日誌資訊和日誌資料是同義詞
私密金鑰,data,加密金鑰,data,0.8839,0.9,私密金鑰和加密金鑰是同義詞
警示,data,警告訊息,data,0.8836,0.9,警示和警告訊息在資訊或資料的本體論類別中為同義詞
敏感檔案,data,敏感資料,data,0.8822,0.9,節點 A 和節點 B 的名稱語意等價，均指涉敏感資訊
個人機敏資料,data,個人資訊,data,0.8807,0.9,個人機敏資料和個人資訊是同義詞
程式碼,data,原始程式碼,data,0.8789,0.9,程式碼和原始程式碼在本體論類別data下是同義詞
警告訊息,data,警告文字,data,0.8781,0.9,節點 A 和節點 B 的名稱語意等價，都是指警告的內容
明文,data,明文資料,data,0.878,0.9,節點 A 和節點 B 的名稱語意等價，均指稱未經加密的明文資訊
用戶資訊,data,使用者資料,data,0.8777,0.9,用戶資訊和使用者資料是同義詞
明文,data,明文資訊,data,0.8766,0.9,節點 A 和節點 B 的名稱語意等價，都是指明文的資訊或資料
網際網路封包,data,封包,data,0.8754,0.9,節點 A 和節點 B 的名稱語意相近，網際網路封包是一種封包
紀錄檔,data,系統記錄檔,data,0.8753,0.9,紀錄檔和系統記錄檔在資訊或資料的本體論類別下具有相似的語意含義
資料資產,data,資訊類資產,data,0.8731,0.9,節點 A 和節點 B 的名稱語意相近，均指涉資訊或資料的資產
日誌檔,data,系統日誌檔,data,0.8697,0.9,節點 A 和節點 B 的名稱語意相近，系統日誌檔是日誌檔的一種特定類型
重要資料,data,重要資訊,data,0.8694,0.9,重要資料和重要資訊是同義詞
認證資料,data,驗證資訊,data,0.8686,0.9,認證資料和驗證資訊在本體論類別data下為同義詞
系統記錄檔,data,系統檔案,data,0.8673,0.9,系統記錄檔和系統檔案在資訊領域中常被視為同義詞
紀錄檔,data,記錄檔資訊,data,0.8647,0.9,紀錄檔和記錄檔資訊語意相近，指稱相同概念
電子健康記錄,data,醫療記錄,data,0.8635,0.9,電子健康記錄和醫療記錄是同義詞
金鑰 k,data,金鑰,data,0.8631,0.9,兩節點名稱語意等價，均指稱金鑰
紀錄檔,data,記錄,data,0.8626,0.9,紀錄檔和記錄在資訊或資料的本體論類別中為同義詞
私密金鑰,data,秘密金鑰 (secret key),data,0.8622,0.9,私密金鑰和秘密金鑰是同義詞
文件化資訊,data,檔案資料,data,0.8621,0.9,文件化資訊和檔案資料在本體論類別data下為同義詞
紀錄檔,data,日誌檔,data,0.8592,0.9,紀錄檔和日誌檔在資訊或資料的本體論類別中是同義詞
憑證,data,憑證 (certificate),data,0.8592,1.0,兩節點名稱語意等價
個人資料檔案,data,個人資訊,data,0.8589,0.9,個人資料檔案和個人資訊是同義詞
金鑰 (key),data,金鑰,data,0.8585,1.0,兩節點名稱語意等價
原始程式碼,data,原始碼,data,0.8585,0.9,原始程式碼和原始碼是同義詞
流量,data,流量 (traffic),data,0.8581,1.0,節點 A 和節點 B 的名稱語意等價，均指稱流量的概念
系統紀錄,data,系統日誌,data,0.8569,0.9,系統紀錄和系統日誌是同義詞
原始文件,data,文件,data,0.8556,0.9,節點 A 和節點 B 的名稱語意相近，均指稱文件概念
系統作業日誌,data,系統日誌檔,data,0.8551,0.9,系統作業日誌和系統日誌檔是同義詞
主金鑰,data,主金鑰 (master key),data,0.8549,1.0,節點名稱語意等價，主金鑰和主金鑰 (master key) 指稱同一概念
明文資訊,data,明文資料,data,0.8542,1.0,節點 A 和節點 B 的名稱語意等價，都是指明文的資訊或資料
日誌,data,日誌資料,data,0.8539,0.9,日誌和日誌資料在資訊或資料的本體論類別下為同義詞
敏感個人資料,data,個人機敏資料,data,0.8538,0.9,節點 A 和節點 B 的名稱語意等價，均指涉及個人隱私的敏感資料
系統記錄,data,系統日誌,data,0.8533,0.9,系統記錄和系統日誌是同義詞
應用系統日誌,data,系統作業日誌,data,0.853,0.9,兩節點名稱語意相近，均指系統運作的記錄
資料隱私,data,私人資料,data,0.8469,0.9,資料隱私和私人資料是同義詞
金鑰物件,data,金鑰,data,0.8466,0.9,金鑰物件和金鑰在資訊安全的語境中是同義詞
日誌,data,日誌資訊,data,0.8465,0.9,日誌和日誌資訊在資訊或資料的本體論類別下為同義詞
暫存記憶,data,暫存資料,data,0.8461,0.9,節點 A 和節點 B 的名稱語意等價，都是指暫時存放的資料
機密檔案,data,公司機密文件,data,0.8452,0.9,機密檔案和公司機密文件都是指公司內部的敏感資訊
日誌記錄,data,日誌資料,data,0.8443,0.9,日誌記錄和日誌資料是同義詞
網路封包,data,資料封包,data,0.843,0.9,網路封包和資料封包在資訊傳遞中是同義詞
信用卡號碼,data,卡號,data,0.8422,0.9,節點 A 和節點 B 的名稱語意等價，均指稱信用卡的編號
用戶資料,data,個人資料,data,0.8419,0.9,用戶資料和個人資料在此語境下是同義詞
加密金鑰,data,秘密金鑰 (secret key),data,0.8417,0.9,加密金鑰和秘密金鑰是同義詞
用戶資訊,data,個人資訊,data,0.8414,0.9,用戶資訊和個人資訊在此語境下是同義詞
人事資料,data,個人資料,data,0.8387,0.9,人事資料和個人資料在此語境下是同義詞
檔案資料,data,資訊檔案,data,0.8387,0.9,檔案資料和資訊檔案是語意等價的表達
應用程式日誌,data,應用程式記錄檔,data,0.8375,0.9,兩節點名稱語意等價，日誌和記錄檔在此context下為同義詞
敏感個人資料,data,個人資訊,data,0.8367,0.9,兩節點名稱語意相近，均指涉個人相關資訊
個人重要資訊,data,個人機敏資料,data,0.8363,0.9,個人重要資訊和個人機敏資料是同義詞
電話簿,data,通訊錄,data,0.8359,0.9,電話簿和通訊錄是同義詞
敏感檔案,data,敏感資訊,data,0.8347,0.9,節點 A 和節點 B 的名稱語意相近，均指涉及敏感性質的資訊或資料
特種個人資料,data,個人資訊,data,0.8344,0.9,兩節點名稱語意相近，均指涉及個人相關的資訊或資料
web服務器日誌,data,網站日誌,data,0.8339,0.9,節點 A 和節點 B 的名稱語意相近，均指網站或網頁伺服器的日誌記錄
網際網路封包,data,資料封包,data,0.8329,0.9,網際網路封包和資料封包在資訊傳遞的背景下是同義詞
ip 封包,data,資料封包,data,0.8311,0.9,ip 封包和資料封包在網路傳輸中是同義詞
敏感性資料,data,機敏資料,data,0.8297,0.9,敏感性資料和機敏資料是同義詞
應用系統日誌,data,系統日誌檔,data,0.8288,0.9,兩節點名稱語意相近，均指系統運行記錄
密文,data,密碼,data,0.8283,0.9,密文和密碼在資訊安全領域中常被用作同義詞
機敏性,data,機敏性資料,data,0.8258,0.9,兩節點名稱語意相近，機敏性資料是機敏性的標準化形式
日誌記錄,data,日誌資訊,data,0.8255,0.9,日誌記錄和日誌資訊在資訊或資料的本體論類別下為同義詞
密文資料,data,加密過的資料,data,0.8246,0.9,密文資料和加密過的資料是同義詞
交易記錄,data,交易資料,data,0.8239,0.9,節點 A 和節點 B 的名稱語意等價，交易記錄和交易資料都是指同一類型的資訊或資料
憑證,data,認證資料,data,0.8225,0.9,憑證和認證資料在資訊安全領域中常被視為同義詞
封包內容,data,資料封包,data,0.82,0.9,節點 A 和節點 B 的名稱語意相近，均指涉及封包中的資料內容
系統紀錄,data,系統日誌檔,data,0.8192,0.9,系統紀錄和系統日誌檔在本體論類別data下是同義詞
日誌記錄,data,系統日誌,data,0.8162,0.9,日誌記錄和系統日誌是同義詞
人事資料,data,個人基本資料,data,0.8148,0.9,人事資料和個人基本資料在此語境下是同義詞
電腦檔案,data,資訊檔案,data,0.8142,0.9,電腦檔案和資訊檔案在此語境下為同義詞
系統記錄,data,系統日誌檔,data,0.8128,0.9,系統記錄和系統日誌檔在資訊或資料的本體論類別下是同義詞
交易歷史紀錄,data,交易記錄檔,data,0.8126,0.9,節點 A 和節點 B 的名稱語意相近，均指涉交易相關的紀錄
個人基本資料,data,用戶資料,data,0.8122,0.9,個人基本資料和用戶資料在此語境下為同義詞
流量 (traffic),data,網路流量,data,0.8105,0.9,節點 A 和節點 B 的名稱語意相近，均指涉網路流量
個人資料檔案,data,個人重要資訊,data,0.8092,0.9,兩節點名稱語意相近，均指涉個人相關資訊
系統安全日誌,data,安全記錄檔,data,0.8091,0.9,系統安全日誌和安全記錄檔是同義詞
日誌記錄,data,作業日誌,data,0.8077,0.9,日誌記錄和作業日誌在資訊或資料的本體論類別下是同義詞
程式碼,data,源代碼,data,0.807,0.9,程式碼和源代碼是同義詞
系統記錄,data,系統作業日誌,data,0.8033,0.9,系統記錄和系統作業日誌在本體論類別data下是同義詞
硬碟資料,data,儲存資料,data,0.8011,0.9,硬碟資料和儲存資料在此語境下指稱同一概念
隱私權,principle,隱私,principle,0.9008,0.9,兩節點名稱語意等價，隱私權和隱私是同義詞
機密性 (confidentiality),principle,機密性,principle,0.8926,1.0,兩節點名稱語意等價
資訊洩漏,risk,資訊洩露,risk,0.9891,0.9,資訊洩漏和資訊洩露是同義詞
密碼模組風險,risk,密碼模組安全性風險,risk,0.9726,0.9,節點 A 和節點 B 的名稱語意等價，都是指密碼模組的安全風險
營業秘密外洩,risk,營業祕密外洩,risk,0.971,1.0,兩節點名稱語意等價
資料丟失,risk,資料遺失,risk,0.968,0.9,資料丟失和資料遺失是同義詞
資訊外洩,risk,資訊洩露,risk,0.9639,0.9,資訊外洩和資訊洩露是同義詞
資訊洩漏,risk,資訊外洩,risk,0.962,0.9,資訊洩漏和資訊外洩是同義詞
災難,risk,災害,risk,0.9611,0.9,災難和災害是同義詞
資訊外洩,risk,敏感資訊外洩,risk,0.9578,0.9,資訊外洩和敏感資訊外洩語意相近，均指涉及敏感資訊的外洩風險
資料外洩,risk,資料洩露,risk,0.9574,0.9,資料外洩和資料洩露是同義詞
資訊安全風險,risk,資訊風險,risk,0.955,0.9,兩節點名稱語意相近，均指涉資訊安全領域的風險
敏感性資料外洩,risk,敏感資訊外洩,risk,0.9478,0.9,節點 A 和節點 B 的名稱語意等價，均指涉敏感資料的外洩
機密資料外洩,risk,資料洩露,risk,0.9407,0.9,機密資料外洩和資料洩露是同義詞
資訊洩漏,risk,敏感資訊外洩,risk,0.9406,0.9,資訊洩漏和敏感資訊外洩是同義詞
敏感資訊外洩,risk,資訊洩露,risk,0.9372,0.9,節點 A 和節點 B 的名稱語意相近，均指涉資訊安全風險中的敏感資訊外露
潛在風險,risk,風險,risk,0.9368,0.9,節點 A 和節點 B 的名稱語意等價，都是指潛在的安全風險
資料洩露,risk,資訊洩露,risk,0.9357,0.9,資料洩露和資訊洩露是同義詞
敏感性資料外洩,risk,資料外洩,risk,0.9268,0.9,節點 A 和節點 B 的名稱語意相近，均指涉及資料外洩的安全風險
資訊外洩,risk,資料外洩,risk,0.926,0.9,資訊外洩和資料外洩是同義詞
敏感性資料外洩,risk,機密資料外洩,risk,0.9217,0.9,兩節點名稱語意相近，均指資料外洩的風險
資訊洩漏,risk,資料洩露,risk,0.9215,0.9,資訊洩漏和資料洩露是同義詞
敏感性資料外洩,risk,資料洩露,risk,0.9191,0.9,節點 A 和節點 B 的名稱語意相近，均指涉及資料的安全風險
雲端採用風險,risk,雲端安全風險,risk,0.9189,0.9,兩節點名稱語意等價，均指雲端安全相關風險
違反法律的風險,risk,法規風險,risk,0.9158,0.9,節點 A 和節點 B 的名稱語意等價，均指涉及法律法規的風險
資料損失,risk,資料丟失,risk,0.9146,0.9,資料損失和資料丟失是同義詞
外洩風險,risk,資料外洩風險,risk,0.9132,0.9,外洩風險和資料外洩風險是同義詞
資訊安全風險,risk,安全風險,risk,0.912,0.9,兩節點名稱語意等價，均指稱安全風險
安全風險,risk,風險,risk,0.9116,0.9,節點 A 和節點 B 的名稱語意等價，都是指安全風險的概念
資訊外洩,risk,資料洩露,risk,0.9105,0.9,資訊外洩和資料洩露是同義詞
機密性外洩,risk,敏感資訊外洩,risk,0.9103,0.9,機密性外洩和敏感資訊外洩是同義詞
機密資料外洩,risk,敏感資訊外洩,risk,0.9091,0.9,機密資料外洩和敏感資訊外洩是同義詞
外洩風險,risk,機密資料外洩風險,risk,0.9085,0.9,外洩風險和機密資料外洩風險語意相近，均指涉及敏感資訊的安全風險
資訊外洩,risk,機密資料外洩,risk,0.9071,0.9,資訊外洩和機密資料外洩是同義詞
個人資料洩漏,risk,資料洩露,risk,0.906,0.9,節點 A 和節點 B 的名稱語意相近，均指涉及資料的安全風險
機密性外洩,risk,機密資料外洩,risk,0.9054,0.9,機密性外洩和機密資料外洩是同義詞
資料外洩,risk,資料外洩風險,risk,0.9028,0.9,兩節點名稱語意等價，均指資料外洩的風險
檔案遺失,risk,資料遺失,risk,0.9027,0.9,檔案遺失和資料遺失在本體論類別risk下是同義詞
資訊風險,risk,資料風險,risk,0.9013,0.9,資訊風險和資料風險是同義詞
檔案遺失,risk,資料丟失,risk,0.9009,0.9,檔案遺失和資料丟失是同義詞
資料外洩,risk,敏感資訊外洩,risk,0.9007,0.9,資料外洩和敏感資訊外洩是同義詞
營運中斷,risk,業務中斷,risk,0.9007,0.9,營運中斷和業務中斷是同義詞
機密資料外洩,risk,資訊洩露,risk,0.9002,0.9,機密資料外洩和資訊洩露是同義詞，均指涉及敏感資訊的泄露
法規風險,risk,合規風險,risk,0.8989,0.9,法規風險和合規風險是同義詞，均指組織因未能遵守相關法規而面臨的風險
敏感資訊外洩,risk,資料洩露,risk,0.8967,0.9,節點 A 和節點 B 的名稱語意等價，均指涉及敏感資訊的外洩或泄露
機密性外洩,risk,資訊外洩,risk,0.8967,0.9,機密性外洩和資訊外洩是同義詞
資訊洩漏,risk,機密資料外洩,risk,0.8945,0.9,資訊洩漏和機密資料外洩是同義詞
網路交易風險,risk,網路安全風險,risk,0.893,0.9,網路交易風險和網路安全風險在本體論類別risk下具有相近的語意含義
資訊外洩,risk,敏感性資料外洩,risk,0.8909,0.9,資訊外洩和敏感性資料外洩語意相近，均指涉及敏感資訊的外露
安全風險,risk,潛在風險,risk,0.8901,0.9,節點名稱語意等價
組織風險,risk,企業風險,risk,0.8892,0.9,組織風險和企業風險在本體論類別risk下是同義詞
資料外洩,risk,資訊洩露,risk,0.8877,0.9,資料外洩和資訊洩露是同義詞
收入損失,risk,財務損失,risk,0.8863,0.9,收入損失和財務損失是同義詞
個人資料洩漏,risk,敏感資訊外洩,risk,0.8834,0.9,個人資料洩漏和敏感資訊外洩是同義詞
醫療資訊外洩,risk,資訊洩露,risk,0.8826,0.9,兩節點名稱語意相近，均指涉資訊外洩的風險
機密性外洩,risk,資訊洩露,risk,0.8825,0.9,機密性外洩和資訊洩露是同義詞，均指涉及敏感資訊的泄露
機密資料外洩風險,risk,機密資料外洩,risk,0.8817,0.9,機密資料外洩風險和機密資料外洩語意上相近，風險是指可能發生的事件，外洩是事件本身，兩者相關但風險是外洩的前置狀態
資訊洩漏,risk,資料外洩,risk,0.8809,0.9,資訊洩漏和資料外洩是同義詞
機密性外洩,risk,資訊洩漏,risk,0.8778,0.9,機密性外洩和資訊洩漏是同義詞，均指涉及敏感資訊的泄露
資訊洩漏,risk,敏感性資料外洩,risk,0.8768,0.9,資訊洩漏和敏感性資料外洩是同義詞
個人資料洩漏,risk,資訊外洩,risk,0.8764,0.9,個人資料洩漏和資訊外洩是同義詞
敏感性資料外洩,risk,資訊洩露,risk,0.8759,0.9,節點 A 和節點 B 的名稱語意等價，均指涉及資訊的外洩或泄露
系統無法使用,risk,系統無法執行任務,risk,0.8748,0.9,系統無法使用和系統無法執行任務語意相近
個人資料洩漏,risk,機密資料外洩,risk,0.8744,0.9,個人資料洩漏和機密資料外洩語意相近，均指涉密信息的泄露
個人資料洩漏,risk,敏感性資料外洩,risk,0.8732,0.9,個人資料洩漏和敏感性資料外洩是同義詞
敏感性資料外洩,risk,資料外洩風險,risk,0.8704,0.9,節點 A 和節點 B 的名稱語意相近，均指涉及資料外洩的風險
個人資料洩漏,risk,資料外洩,risk,0.8672,0.9,個人資料洩漏和資料外洩是同義詞
資料損失,risk,資訊資產損失,risk,0.8658,0.9,資料損失和資訊資產損失是同義詞
機密資料外洩風險,risk,敏感性資料外洩,risk,0.8632,0.9,機密資料外洩風險和敏感性資料外洩語意相近，均指涉及重要資料的安全風險
資料丟失,risk,資料遺失風險,risk,0.8629,0.9,資料丟失和資料遺失風險是同義詞
資料洩露,risk,資料外洩風險,risk,0.8607,0.9,資料洩露和資料外洩風險是同義詞
個人資料洩漏,risk,個資外洩,risk,0.86,0.9,個人資料洩漏和個資外洩是同義詞
郵件資料損毀,risk,資料損壞,risk,0.8594,0.9,郵件資料損毀和資料損壞在語意上相近，均指資料受損
機密資料外洩風險,risk,資料外洩,risk,0.859,0.9,機密資料外洩風險和資料外洩語意相近，均指資料泄露的風險
帳戶入侵,risk,帳號被盜取,risk,0.8548,0.9,帳戶入侵和帳號被盜取是同義詞，指稱相同的安全風險概念
醫療資訊外洩,risk,資料洩露,risk,0.8547,0.9,節點 A 和節點 B 的名稱語意相近，均指涉及敏感資訊的外洩
資料損失,risk,資料遺失,risk,0.8505,0.9,資料損失和資料遺失是同義詞
硬碟損毀,risk,硬碟故障,risk,0.8504,0.9,硬碟損毀和硬碟故障是同義詞
外洩風險,risk,機密性外洩,risk,0.846,0.9,外洩風險和機密性外洩是同義詞
個人資料洩漏,risk,隱私侵害,risk,0.8443,0.9,個人資料洩漏和隱私侵害是相關的安全風險概念，且語意上相近
系統中斷,risk,系統故障,risk,0.8424,0.9,系統中斷和系統故障是同義詞，均指系統運作異常
資料遺失,risk,資料遺失風險,risk,0.8394,0.9,兩節點名稱語意等價，均指資料遺失的風險
資料損失,risk,資料遺失風險,risk,0.8258,0.9,資料損失和資料遺失風險語意相近，均指資料丟失的風險
系統中斷,risk,系統崩潰,risk,0.8189,0.9,系統中斷和系統崩潰是同義詞
業務中斷風險,risk,業務中斷,risk,0.8164,0.9,業務中斷風險和業務中斷語意相近，風險是中斷的直接後果
資訊資產損失,risk,資料丟失,risk,0.813,0.9,節點 A 和節點 B 的名稱語意等價，均指資訊資產的丟失
外洩風險,risk,個資外洩,risk,0.8093,0.9,外洩風險和個資外洩是同義詞，均指涉及個資的安全風險
物聯網設備風險,risk,iot安全風險,risk,0.8082,0.9,節點 A 和節點 B 的名稱語意等價，均指涉物聯網設備的安全風險
csp (密碼服務提供模組),tool,密碼服務提供模組 (csp),tool,0.9849,1.0,兩節點名稱語意等價
入侵偵測系統 (ids),tool,入侵檢測系統 (ids),tool,0.9763,0.9,入侵偵測系統和入侵檢測系統是同義詞
代理型防火牆,tool,代理防火牆,tool,0.9726,0.9,代理型防火牆和代理防火牆是同義詞
封包過濾防火牆,tool,封包過濾型防火牆,tool,0.9604,0.9,兩節點名稱語意等價，都是描述封包過濾的防火牆
網路層防火牆,tool,網路防火牆,tool,0.959,0.9,網路層防火牆和網路防火牆在語意上相近，網路層防火牆是網路防火牆的一種特定類型
密碼演算法,tool,加密演算法,tool,0.9581,0.9,密碼演算法和加密演算法是同義詞
蜂蜜罐,tool,蜜罐,tool,0.9548,0.9,蜂蜜罐和蜜罐是同義詞
應用層防火牆,tool,網路應用程式防火牆,tool,0.9527,0.9,兩節點名稱語意相近，均指涉網路安全的防火牆工具
ssl,tool,ssl/tls,tool,0.9417,0.9,ssl 和 ssl/tls 是同一安全協定的不同稱呼方式
firewall,tool,防火牆,tool,0.9409,1.0,firewall 和 防火牆 是同義詞
防毒解毒軟體,tool,防毒軟體,tool,0.9397,0.9,防毒解毒軟體和防毒軟體是同義詞
偽造應用程式,tool,偽造的 apps,tool,0.9395,0.9,節點 A 和節點 B 的名稱語意等價，都是指偽造的應用程式
防火牆,tool,網路防火牆,tool,0.9391,0.9,防火牆和網路防火牆是同義詞
過濾型防火牆,tool,封包過濾型防火牆,tool,0.9362,0.9,過濾型防火牆和封包過濾型防火牆是同義詞
對稱式密碼學,tool,對稱式加密,tool,0.9361,0.9,對稱式密碼學和對稱式加密是同義詞
反編譯器,tool,反組譯器,tool,0.9339,0.9,反編譯器和反組譯器是同義詞
對稱式加密,tool,對稱金鑰加密,tool,0.932,0.9,對稱式加密和對稱金鑰加密是同義詞
相關設備,tool,設備,tool,0.9313,0.9,節點 A 和節點 B 的名稱語意相近，均指稱工具或設備
對稱式加密,tool,對稱式加密演算法,tool,0.9292,0.9,兩節點名稱語意等價，都是指對稱式加密的概念
netstat-a,tool,netstat,tool,0.9288,0.9,netstat-a 是 netstat 的一個變體，兩者語意相近
firewall,tool,網路防火牆,tool,0.9281,1.0,firewall 和 網路防火牆 是同義詞
防火牆,tool,防火牆 (firewall),tool,0.9278,1.0,兩節點名稱語意等價
非對稱金鑰加密,tool,非對稱金鑰演算法,tool,0.9243,0.9,非對稱金鑰加密和非對稱金鑰演算法是同義詞
firewall,tool,防火牆 (firewall),tool,0.9168,1.0,節點 A 和節點 B 的名稱語意等價，都是指防火牆的概念
網路防火牆,tool,防火牆 (firewall),tool,0.9164,1.0,節點 A 和節點 B 的名稱語意等價，都是指網路防火牆
非對稱式密碼學,tool,非對稱金鑰加密,tool,0.9143,0.9,非對稱式密碼學和非對稱金鑰加密是同義詞
數位憑證認證機構,tool,憑證機構,tool,0.9123,0.9,兩節點名稱語意相近，均指涉憑證機構
門鎖,tool,鎖,tool,0.9092,0.9,門鎖和鎖是同義詞，門鎖是鎖的一種特定應用
對稱式演算法,tool,對稱式加密演算法,tool,0.9087,0.9,對稱式演算法和對稱式加密演算法在資安領域中常被視為同義詞
firewall,tool,網路層防火牆,tool,0.9059,0.9,firewall 和 網路層防火牆 是同義詞
生理特徵認證設備,tool,生理特徵設備,tool,0.9048,0.9,兩節點名稱語意相近，均指涉生理特徵認證的設備
vpn 服務,tool,加密 vpn 連線服務,tool,0.9017,0.9,節點 A 和節點 B 的名稱語意相近，vpn 服務和加密 vpn 連線服務都指涉到虛擬私人網路的連線服務
防病毒軟體,tool,防毒軟體,tool,0.9006,0.9,防病毒軟體和防毒軟體是同義詞
感測器,tool,感測設備,tool,0.8962,0.9,感測器和感測設備是同義詞
網路層防火牆,tool,防火牆 (firewall),tool,0.8946,0.9,節點 A 和節點 B 的名稱語意等價，都是指防火牆的概念
感應燈光,tool,感應燈光設備,tool,0.8937,0.9,節點名稱語意相近，感應燈光設備是感應燈光的具體實現形式
惡意程式偵測軟體,tool,惡意軟體分析工具,tool,0.8902,0.9,兩節點名稱語意相近，均指涉及惡意程式的分析或偵測工具
網路應用程式防火牆,tool,網路防火牆,tool,0.8898,0.9,節點 A 和節點 B 的名稱語意相近，均指涉網路安全的防火牆
入侵偵測設備,tool,入侵偵測系統,tool,0.8876,0.9,入侵偵測設備和入侵偵測系統在語意上相近，均指用於偵測入侵的工具或系統
非對稱式密碼學,tool,非對稱金鑰演算法,tool,0.8853,0.9,非對稱式密碼學和非對稱金鑰演算法是密切相關的概念，前者涵蓋了後者
過濾型防火牆,tool,封包過濾防火牆,tool,0.8802,0.9,過濾型防火牆和封包過濾防火牆是同義詞
對稱式密碼學,tool,對稱金鑰加密,tool,0.8787,0.9,對稱式密碼學和對稱金鑰加密是密碼學中相關的概念，前者是後者的基礎
資料保密演算法,tool,密碼演算法,tool,0.8782,0.9,資料保密演算法和密碼演算法是同義詞
單一晶片模組,tool,單一晶片,tool,0.8781,0.9,單一晶片模組和單一晶片在工具類別中指稱同一概念
filevault,tool,檔案保險箱 (filevault),tool,0.8775,1.0,兩節點名稱語意等價，檔案保險箱是FileVault的中文翻譯
風險位階矩陣 (risk level matrix),tool,風險位階矩陣,tool,0.8747,1.0,兩節點名稱完全相同
應用代理閘道防火牆,tool,代理防火牆,tool,0.8745,0.9,兩節點名稱語意等價，代理防火牆是應用代理閘道防火牆的一種標準化形式
資料保密演算法,tool,加密演算法,tool,0.8721,0.9,資料保密演算法和加密演算法是同義詞
備份軟體,tool,備份工具,tool,0.8715,0.9,兩節點名稱語意等價，備份軟體和備份工具是同義詞
防禦主機防火牆,tool,防火牆,tool,0.8715,0.9,防禦主機防火牆是防火牆的一種具體實現形式
輔助工具,tool,工具,tool,0.8714,0.9,兩節點名稱語意等價
應用代理閘道防火牆,tool,應用層防火牆,tool,0.8707,0.9,兩節點名稱語意相近，均指涉及應用層的防火牆
數位憑證,tool,ev-ssl數位憑證,tool,0.8706,0.9,節點 A 和節點 B 都指稱數位憑證，且 ev-ssl 是數位憑證的一種特定類型
手機防毒軟體,tool,防病毒軟體,tool,0.8705,0.9,手機防毒軟體和防病毒軟體在本體論類別tool下語意相近
對稱金鑰加密,tool,對稱式加密演算法,tool,0.8628,0.9,節點 A 和節點 B 的名稱語意等價，均指稱對稱金鑰加密的概念
應用代理閘道防火牆,tool,代理型防火牆,tool,0.8624,0.9,兩節點名稱語意等價，代理型防火牆是應用代理閘道防火牆的一種標準化形式
zenmap,tool,nmap,tool,0.8618,0.9,zenmap 是 nmap 的圖形化界面
vpn,tool,虛擬私有網路 (vpn),tool,0.8617,1.0,節點 A 和節點 B 的名稱語意等價，都是指虛擬私有網路
加密工具,tool,加密軟體,tool,0.8609,0.9,加密工具和加密軟體在本體論類別tool下為同義詞
生理特徵認證設備,tool,生物辨識設備,tool,0.8602,0.9,兩節點名稱語意等價，都是指利用生物特徵進行認證的設備
防禦主機防火牆,tool,網路防火牆,tool,0.8592,0.9,防禦主機防火牆和網路防火牆是同義詞
sha2,tool,sha-2,tool,0.8543,1.0,sha2 和 sha-2 是同義詞，指稱同一個概念
弱掃工具,tool,漏洞掃描工具,tool,0.8472,0.9,兩節點名稱語意等價，弱掃工具是漏洞掃描工具的別稱
防禦主機防火牆,tool,基於主機的防火牆,tool,0.8465,0.9,節點 A 和節點 B 的名稱語意等價，均指主機防火牆
firewall,tool,防禦主機防火牆,tool,0.8465,0.9,節點 A 和節點 B 的名稱語意等價，均指稱網路安全中的防火牆
sim卡,tool,usim卡,tool,0.8457,0.9,sim卡和usim卡都是用於移動通訊的卡片，usim卡是sim卡的升級版本
firewall,tool,傳輸層防火牆,tool,0.8431,0.9,firewall 和 傳輸層防火牆 是同義詞
siem系統,tool,siem,tool,0.8416,0.9,SIEM系統和SIEM是同義詞，指稱安全信息和事件管理系統
mirai 物聯網惡意軟體,tool,mirai 惡意程式,tool,0.8396,0.9,節點 A 和節點 B 的名稱雖然有稍微的差異，但都指稱 Mirai 惡意軟體
反惡意軟體,tool,惡意程式偵測軟體,tool,0.8384,0.9,兩節點名稱語意等價，都是用來偵測和防止惡意軟體的工具
防禦主機防火牆,tool,防火牆 (firewall),tool,0.8381,0.9,節點 A 和節點 B 的名稱語意等價，均指稱防火牆的概念
中介軟體,tool,代理軟體,tool,0.8379,0.9,中介軟體和代理軟體是同義詞
utm產品,tool,utm,tool,0.8376,1.0,utm產品和utm是同義詞
公開金鑰加密,tool,公私鑰,tool,0.8367,0.9,公開金鑰加密和公私鑰是同義詞，都是指利用公開金鑰和私人金鑰進行加密和解密的技術
一次性密碼 (otp),tool,一次性密碼,tool,0.8346,1.0,兩節點名稱語意等價
個人識別證,tool,ic 識別證,tool,0.8336,0.9,個人識別證和ic識別證是同義詞
代理防火牆,tool,防火牆 (firewall),tool,0.8334,0.9,代理防火牆是防火牆的一種特殊形式
非對稱金鑰加密,tool,非對稱加密工具,tool,0.8331,0.9,節點 A 和節點 B 的名稱語意等價，均指稱非對稱金鑰加密的工具
靜態分析程式碼掃描工具,tool,原始碼檢測工具,tool,0.8331,0.9,兩節點名稱語意等價，均指程式碼掃描工具
firewall,tool,網路應用程式防火牆,tool,0.8307,0.9,firewall 和 網路應用程式防火牆 是同義詞
傳輸層防火牆,tool,防火牆 (firewall),tool,0.8307,0.9,傳輸層防火牆是防火牆的一種特定類型，兩者名稱語意相關且指稱同一概念
防毒,tool,防毒軟體,tool,0.8299,0.9,防毒和防毒軟體在此語境下指稱同一概念
入侵防禦系統 (ips),tool,入侵偵測與防禦系統 (idps),tool,0.8292,0.9,入侵防禦系統 (ips) 和入侵偵測與防禦系統 (idps) 是同義詞
行動裝置管理系統,tool,行動裝置管理系統 (mdm),tool,0.829,1.0,兩節點名稱語意等價，均指行動裝置管理系統
網路應用程式防火牆,tool,防火牆 (firewall),tool,0.8288,0.9,節點 A 和節點 B 的名稱語意等價，均指稱防火牆的概念
應用層防火牆,tool,防火牆 (firewall),tool,0.8283,0.9,應用層防火牆是防火牆的一種特定類型，兩者名稱語意相關且指稱同一概念
入侵偵測與防範,tool,入侵防禦系統,tool,0.8276,0.9,入侵偵測與防範和入侵防禦系統是同義詞
多因子驗證機制 (mfa),tool,多因子驗證機制,tool,0.8265,1.0,兩節點名稱語意等價
微處理器,tool,cpu,tool,0.8249,0.9,微處理器和cpu是同義詞
主機型入侵偵測系統,tool,主機型入侵偵測系統 (hids),tool,0.8244,1.0,兩節點名稱語意等價
vpn 服務,tool,vpn,tool,0.8241,0.9,節點 A 和節點 B 的名稱語意等價，vpn 服務和 vpn 是同一概念的不同表達形式
惡意程式偵測軟體,tool,防毒軟體,tool,0.8236,0.9,惡意程式偵測軟體和防毒軟體是同義詞
代理型防火牆,tool,防火牆 (firewall),tool,0.8202,0.9,代理型防火牆是防火牆的一種特定類型，兩者名稱語意相關且指向同一概念
windows 自動更新,tool,windows 系統更新,tool,0.82,0.9,windows 自動更新和 windows 系統更新是同義詞
raid 1,tool,raid,tool,0.8175,0.9,節點 A 和節點 B 的名稱語意等價，都是指 RAID 1
惡意程式碼,tool,惡意軟體,tool,0.8164,0.9,惡意程式碼和惡意軟體是同義詞
dlp系統,tool,dlp,tool,0.8119,0.9,dlp系統和dlp是同義詞，指稱數據泄露防護系統
網路型入侵偵測系統,tool,網路型入侵偵測系統 (nids),tool,0.8103,1.0,兩節點名稱語意等價
入侵防禦系統 (ips),tool,入侵防禦系統,tool,0.8095,1.0,兩節點名稱語意等價
一次性密碼 (otp),tool,otp,tool,0.8092,1.0,兩節點名稱語意等價
傳輸層防火牆,tool,封包過濾型防火牆,tool,0.8087,0.9,傳輸層防火牆和封包過濾型防火牆是同義詞
cctv,tool,閉路電視監視器,tool,0.8085,0.9,cctv 和 閉路電視監視器 是同義詞
防毒解毒軟體,tool,防病毒軟體,tool,0.8071,0.9,防毒解毒軟體和防病毒軟體是同義詞
入侵偵測系統,tool,入侵偵測與防禦系統 (idps),tool,0.8053,0.9,入侵偵測系統和入侵偵測與防禦系統是同義詞，後者是前者的擴展形式
log管理工具,tool,整合式日誌管理工具,tool,0.804,0.9,log管理工具和整合式日誌管理工具的名稱語意相近，都是用於管理日誌的工具
usim,tool,usim卡,tool,0.8018,0.9,usim 和 usim 卡指稱同一概念的不同表達形式
ic卡,system,ic 卡,system,0.9874,1.0,兩節點名稱語意等價
web伺服器,system,web 伺服器,system,0.9817,1.0,兩節點名稱語意等價
虛擬資產,system,虛擬化資產,system,0.979,0.9,虛擬資產和虛擬化資產在此語境下為同義詞
硬體類資產,system,硬體資產,system,0.9776,0.9,節點 A 和節點 B 的名稱語意相近，均指稱硬體類資產
用戶電腦,system,使用者電腦,system,0.9741,0.9,用戶電腦和使用者電腦是同義詞
java 卡,system,java card,system,0.9669,0.9,java 卡和java card是同義詞
ieee 802.11i,system,ieee 802.11i wlan,system,0.9659,0.9,節點 A 和節點 B 的名稱語意等價，均指 IEEE 802.11i 無線網路標準
物聯網相關設備,system,物聯網設備,system,0.9644,0.9,兩節點名稱語意等價，均指稱物聯網相關的設備
電腦作業系統,system,作業系統,system,0.964,0.9,節點 A 和節點 B 的名稱語意等價，都是指作業系統
郵件伺服器,system,寄送郵件伺服器,system,0.9611,0.9,郵件伺服器和寄送郵件伺服器是同義詞
資訊機房,system,資訊設施機房,system,0.9589,0.9,兩節點名稱語意相近，資訊機房和資訊設施機房是同義詞
聯網裝置,system,物聯網裝置,system,0.9578,0.9,聯網裝置和物聯網裝置在本體論類別system下是同義詞
網路,system,網際網路,system,0.9563,0.9,網路和網際網路在此語境下可視為同義詞
microsoft windows,system,windows,system,0.956,0.9,節點 A 和節點 B 的名稱語意等價，都是指 Microsoft Windows 作業系統
使用者的電腦,system,使用者電腦,system,0.9555,0.9,節點 A 和節點 B 的名稱語意等價
公開金鑰加密系統,system,公開金鑰密碼系統,system,0.9546,0.9,公開金鑰加密系統和公開金鑰密碼系統是同義詞
集中式存取控制,system,集中式存取控制系統,system,0.9537,0.9,兩節點名稱語意等價，都是描述集中式存取控制的概念
雲服務,system,雲端服務,system,0.9491,0.9,雲服務和雲端服務是同義詞
加密系統,system,密碼系統,system,0.9481,0.9,加密系統和密碼系統是同義詞
終端使用者裝置,system,用戶終端設備,system,0.9469,0.9,兩節點名稱語意等價，都是指用戶使用的終端設備
備援電力系統,system,備援電力,system,0.946,0.9,兩節點名稱語意相近，備援電力系統和備援電力指稱同一概念
amazon aws,system,aws,system,0.946,1.0,節點 A 和節點 B 的名稱語意等價，均指稱 Amazon Web Services
網站伺服器,system,網頁伺服器,system,0.9454,0.9,網站伺服器和網頁伺服器是同義詞
企業網路,system,公司網路,system,0.9432,0.9,企業網路和公司網路是同義詞
雲端運算服務,system,雲端運算,system,0.9415,0.9,雲端運算服務和雲端運算是同義詞
smartphone,system,手機,system,0.9406,0.9,smartphone 和 手機 是同義詞
電腦網路,system,網路,system,0.9401,0.9,電腦網路和網路是同義詞
ic金融卡,system,ic 卡,system,0.94,0.9,ic金融卡和ic卡是同義詞
電力設施,system,電力設備,system,0.94,0.9,電力設施和電力設備是同義詞
郵件伺服器,system,收受郵件伺服器,system,0.9388,0.9,郵件伺服器和收受郵件伺服器在語意上相近，都是負責處理郵件的伺服器
4g lte,system,4g,system,0.9365,0.9,4G LTE 是 4G 的標準化形式
行動電話,system,手機,system,0.9357,0.9,行動電話和手機是同義詞
使用者的電腦,system,用戶電腦,system,0.933,0.9,節點 A 和節點 B 的名稱語意等價，都是指用戶使用的電腦
windows 作業系統,system,windows,system,0.9329,0.9,節點 A 和節點 B 的名稱語意等價，都是指 Windows 作業系統
web伺服器,system,網頁伺服器,system,0.9307,0.9,web伺服器和網頁伺服器是同義詞
tcp/ip 通訊協定,system,tcp/ip 協定組,system,0.93,0.9,tcp/ip 通訊協定和tcp/ip 協定組是同義詞
網通設備,system,網路設備,system,0.9297,0.9,網通設備和網路設備是同義詞
電腦系統,system,系統計算機,system,0.9296,0.9,電腦系統和系統計算機在此語境下指稱同一概念
行動通訊,system,行動通訊系統,system,0.927,0.9,兩節點名稱語意相近，行動通訊系統是行動通訊的標準化形式
資訊安全管理系統,system,資訊安全系統,system,0.9265,0.9,兩節點名稱語意相近，均指涉資訊安全的管理或系統
目標主機系統,system,目標系統,system,0.9244,0.9,兩節點名稱語意相近，指稱同一概念
windows 電腦,system,microsoft windows,system,0.9242,0.9,windows 電腦和microsoft windows是同義詞
資訊系統,system,資訊處理系統,system,0.9234,0.9,資訊系統和資訊處理系統是同義詞
4g,system,4g通訊,system,0.9227,0.9,4g 和 4g 通訊是同義詞，指稱相同的無線通訊技術概念
硬體,system,硬體設備,system,0.9222,0.9,硬體和硬體設備是同義詞
web 伺服器,system,網頁伺服器,system,0.9222,0.9,web 伺服器和網頁伺服器是同義詞
linux 系統,system,linux系統,system,0.921,1.0,節點 A 和節點 B 的名稱語意完全相同
組織內部網路,system,企業內部網路,system,0.9208,0.9,組織內部網路和企業內部網路是同義詞
雲端運算服務,system,雲端服務,system,0.9202,0.9,雲端運算服務和雲端服務是同義詞
安全基礎設施,system,基礎設施安全,system,0.9162,0.9,安全基礎設施和基礎設施安全是語意等價的表達
企業內部網路,system,內部網路,system,0.9156,0.9,兩節點名稱語意等價
wi-fi 熱點,system,wifi 熱點,system,0.913,1.0,wi-fi 和 wifi 是同義詞
windows 作業系統,system,microsoft windows,system,0.9115,0.9,windows 作業系統和 microsoft windows 是同義詞
基礎設施即服務(iaas),system,基礎架構即服務 (iaas),system,0.9109,1.0,兩節點名稱語意等價，都是指基礎設施即服務（IaaS）
資訊處理設施,system,資訊處理系統,system,0.9055,0.9,資訊處理設施和資訊處理系統是同義詞
組織內部網路,system,內部網路,system,0.9043,0.9,節點名稱語意等價
用戶設備,system,用戶終端設備,system,0.9038,0.9,用戶設備和用戶終端設備是同義詞
組織內部網路,system,組織網路,system,0.9025,0.9,組織內部網路和組織網路是同義詞
電子商務,system,電子商務系統,system,0.9025,0.9,電子商務和電子商務系統是同義詞，指稱同一個概念
企業網路,system,企業內部網路,system,0.9024,0.9,企業網路和企業內部網路是同義詞
ip 攝影機,system,ip camera,system,0.8997,1.0,ip 攝影機和 ip camera 是同義詞
linux 作業系統,system,linux系統,system,0.8992,0.9,節點 A 和節點 B 的名稱語意等價，都是指 Linux 作業系統
linux 作業系統,system,linux,system,0.8986,1.0,linux 作業系統和 linux 是同義詞
關鍵基礎設施,system,關鍵資訊基礎設施,system,0.8955,0.9,兩節點名稱語意相近，關鍵基礎設施和關鍵資訊基礎設施指稱相同概念
物聯網路,system,物聯網,system,0.894,0.9,兩節點名稱語意等價，物聯網路是物聯網的標準化形式
物聯網設備,system,物聯網裝置,system,0.89,0.9,物聯網設備和物聯網裝置是同義詞
ip 協定,system,tcp/ip 協定組,system,0.8886,0.9,ip 協定和 tcp/ip 協定組都是指網際網路協定套件中的核心協定
使用者裝置,system,終端使用者裝置,system,0.8884,0.9,兩節點名稱語意相近，使用者裝置和終端使用者裝置指稱同一概念
資產,system,資訊資產,system,0.8884,0.9,資產和資訊資產在資訊系統或基礎設施的本體論類別下是同義詞
行動裝置,system,手機,system,0.8876,0.9,行動裝置和手機是同義詞
無線網路,system,無線存取網路,system,0.8866,0.9,無線網路和無線存取網路是同義詞
使用者裝置,system,用戶設備,system,0.8864,0.9,使用者裝置和用戶設備是同義詞
核心網路,system,lte 核心網路,system,0.8859,0.9,lte 核心網路是核心網路的一種特定實現形式
個人電腦,system,家中電腦,system,0.8856,0.9,個人電腦和家中電腦在語意上相當接近，通常指同一類型的電腦
iot裝置,system,物聯網裝置,system,0.8854,1.0,iot裝置和物聯網裝置是同義詞
目標主機,system,目標主機系統,system,0.8849,0.9,目標主機和目標主機系統在資訊系統的語境下是同義詞
internet 伺服器,system,web 伺服器,system,0.8848,0.9,internet 伺服器和 web 伺服器在大多數情況下是同義詞
smartphone,system,行動裝置,system,0.8826,0.9,smartphone 和 行動裝置 是同義詞
web伺服器,system,網站伺服器,system,0.8811,0.9,web伺服器和網站伺服器是同義詞
網路系統,system,網路,system,0.881,0.9,網路系統和網路是同義詞
web 伺服器,system,網站伺服器,system,0.8774,0.9,web 伺服器和網站伺服器是同義詞
使用者端,system,用戶電腦,system,0.8774,0.9,使用者端和用戶電腦在資訊系統中指稱同一概念
系統主機,system,系統計算機,system,0.8773,0.9,系統主機和系統計算機是同義詞
使用者的電腦,system,個人電腦,system,0.8767,0.9,使用者的電腦和個人電腦是同義詞
用戶終端,system,用戶終端設備,system,0.8766,0.9,用戶終端和用戶終端設備是同義詞
用戶終端,system,終端使用者裝置,system,0.8762,0.9,用戶終端和終端使用者裝置是同義詞
雲端資訊系統,system,雲端服務系統,system,0.876,0.9,雲端資訊系統和雲端服務系統在本體論類別system下為同義詞
核心資通系統,system,資通系統,system,0.8758,0.9,核心資通系統和資通系統是同義詞
5g 網路,system,5g,system,0.8754,1.0,5g 網路和 5g 是同義詞
個人電腦,system,使用者電腦,system,0.8745,0.9,個人電腦和使用者電腦是同義詞
雲端服務系統,system,雲端運算服務,system,0.8744,0.9,雲端服務系統和雲端運算服務是同義詞
使用者端,system,用戶終端,system,0.874,0.9,使用者端和用戶終端是資訊系統中用戶互動的同義詞
ip 協定,system,tcp/ip 通訊協定,system,0.8736,0.9,ip 協定和 tcp/ip 通訊協定都是指網際網路協定套件中的核心協定
電腦伺服器,system,伺服器,system,0.8735,0.9,電腦伺服器和伺服器在資訊系統中是同義詞
使用者端,system,使用者電腦,system,0.873,0.9,使用者端和使用者電腦在資訊系統中指稱同一概念
雲服務,system,雲端服務環境,system,0.8728,0.9,雲服務和雲端服務環境是同義詞
電力設施,system,電力系統,system,0.8692,0.9,電力設施和電力系統是同義詞
主機,system,主機a,system,0.8683,0.9,兩節點名稱語意等價
磁碟機,system,硬碟,system,0.8676,0.9,磁碟機和硬碟是同義詞
雲服務,system,雲端運算服務,system,0.8673,0.9,雲服務和雲端運算服務是同義詞
linux,system,linux系統,system,0.8672,0.9,linux 和 linux 系統是同義詞
網路設備,system,聯網裝置,system,0.8672,0.9,網路設備和聯網裝置是同義詞
雲服務,system,雲端服務系統,system,0.8668,0.9,雲服務和雲端服務系統是同義詞
用戶電腦,system,個人電腦,system,0.8664,0.9,用戶電腦和個人電腦是同義詞
企業網路,system,組織網路,system,0.8662,0.9,企業網路和組織網路在此語境下是同義詞
3g,system,3g行動通訊系統,system,0.8656,0.9,節點 A 和節點 B 的名稱語意等價，3G 是 3G 行動通訊系統的標準化形式
企業內部網路,system,公司網路,system,0.865,0.9,企業內部網路和公司網路是同義詞
dmz區,system,dmz,system,0.8645,1.0,兩節點名稱語意等價
網路系統,system,電腦網路,system,0.864,0.9,網路系統和電腦網路是同義詞
第三代行動通訊系統,system,3g行動通訊系統,system,0.8635,1.0,第三代行動通訊系統和3g行動通訊系統是同義詞
使用者裝置,system,使用者端,system,0.8632,0.9,使用者裝置和使用者端在資訊系統中指稱使用者與系統交互的端點，語意上相近
行動電話,system,smartphone,system,0.8629,0.9,行動電話和smartphone是同義詞
無線存取點,system,無線存取器,system,0.8617,0.9,無線存取點和無線存取器是同義詞
工作站/個人電腦,system,個人電腦,system,0.8613,0.9,工作站/個人電腦和個人電腦是同義詞
使用者裝置,system,用戶終端設備,system,0.861,0.9,使用者裝置和用戶終端設備是同義詞
硬體資產,system,硬體設備,system,0.8606,0.9,硬體資產和硬體設備是同義詞
4g lte,system,4g無線網路,system,0.8602,0.9,4G LTE 和 4G 無線網路都是指第四代無線通訊技術的標準化形式
資通系統,system,資訊系統,system,0.8582,0.9,兩節點名稱語意等價
硬體類資產,system,硬體設備,system,0.8543,0.9,硬體類資產和硬體設備在資訊系統中指稱同一類概念
虛擬機器,system,虛擬伺服器,system,0.854,0.9,虛擬機器和虛擬伺服器是資訊系統中相似的概念，通常用於描述虛擬化的計算資源
核心網路,system,核心網路 (epc),system,0.8523,0.9,核心網路和核心網路 (epc) 名稱語意相近，epc 可能是核心網路的標準化形式
行動電話,system,行動裝置,system,0.8523,0.9,行動電話和行動裝置是同義詞
物聯網相關設備,system,物聯網裝置,system,0.8517,0.9,兩節點名稱語意等價，均指稱物聯網相關的設備或裝置
聯網裝置,system,物聯網設備,system,0.8492,0.9,聯網裝置和物聯網設備是同義詞
公開金鑰基礎建設 (pki),system,公開金鑰基礎建設,system,0.8487,1.0,兩節點名稱語意完全相同
無線存取器 (ap),system,無線存取器,system,0.8482,1.0,兩節點名稱語意等價
硬體資產,system,硬體,system,0.8482,0.9,節點 A 和節點 B 的名稱語意等價，都是指硬體
無線存取網路,system,無線區域網路,system,0.8474,0.9,無線存取網路和無線區域網路是同義詞
分散式架構,system,分散式計算架構,system,0.8462,0.9,兩節點名稱語意相近，分散式架構和分散式計算架構指稱同一概念
電腦伺服器,system,公司伺服器,system,0.8462,0.9,電腦伺服器和公司伺服器在此語境下指稱同一概念
系統主機,system,主機,system,0.8461,0.9,系統主機和主機是同義詞
windows server,system,windows 伺服器,system,0.8456,1.0,節點 A 和節點 B 的名稱語意等價，都是指 Windows 伺服器
電子商務,system,c2b 電子商務,system,0.8452,0.9,節點 A 和節點 B 的名稱語意相近，c2b 電子商務是一種電子商務的形式
硬體設備,system,裝置,system,0.8449,0.9,硬體設備和裝置是資訊系統中的同義詞
solaris 8,system,solaris 8 作業系統,system,0.8438,0.9,節點名稱語意等價，Solaris 8 和 Solaris 8 作業系統指稱同一個概念
資訊安全管理系統,system,資訊安全管理系統 (isms),system,0.8414,1.0,兩節點名稱語意等價
軟體即服務 (saas),system,saas,system,0.8399,1.0,節點 A 和節點 B 的名稱語意等價
雲端環境,system,雲端基礎設施,system,0.8393,0.9,雲端環境和雲端基礎設施在資訊系統的語境下是同義詞
電腦主機,system,個人電腦,system,0.8382,0.9,電腦主機和個人電腦是同義詞
使用者裝置,system,使用者電腦,system,0.8373,0.9,使用者裝置和使用者電腦在資訊系統中是同義詞
聯網裝置,system,iot裝置,system,0.8366,0.9,聯網裝置和IoT裝置是同義詞
系統主機,system,電腦主機,system,0.836,0.9,系統主機和電腦主機是同義詞
iot裝置,system,物聯網設備,system,0.8356,0.9,iot裝置和物聯網設備是同義詞
dmz區,system,隔離區 (dmz),system,0.8344,1.0,兩節點名稱語意等價，dmz區和隔離區（dmz）是同義詞
目標主機,system,目標電腦,system,0.8313,0.9,目標主機和目標電腦是同義詞
ic卡,system,非接觸式 ic 卡,system,0.8312,0.9,ic卡和非接觸式ic卡語意等價
硬體類資產,system,硬體,system,0.8305,0.9,節點 A 和節點 B 的名稱語意相近，均指稱硬體類資產
internet 伺服器,system,網站伺服器,system,0.8301,0.9,internet 伺服器和網站伺服器都是用於提供網站服務的伺服器，語意上相近
殭屍網路,system,殭屍電腦,system,0.8279,0.9,殭屍網路和殭屍電腦都是指被黑客控制的受感染電腦
攝影機,system,ip camera,system,0.8267,0.9,攝影機和ip camera是同義詞
使用者裝置,system,用戶電腦,system,0.8255,0.9,使用者裝置和用戶電腦是同義詞
平台即服務 (paas),system,paas,system,0.8249,1.0,節點 A 和節點 B 的名稱語意等價
電力系統,system,電網,system,0.8231,0.9,電力系統和電網是同義詞
主機端點,system,主機,system,0.8223,0.9,主機端點和主機是相關的資訊系統概念，且名稱語意相近
linux 作業系統,system,linux 系統,system,0.8198,0.9,linux 作業系統和 linux 系統是語意等價的表達
物聯網 (iot),system,物聯網,system,0.8198,1.0,兩節點名稱語意等價
資訊機房,system,機房,system,0.8195,0.9,資訊機房和機房是同義詞
gsm,system,gsm 行動電話設備,system,0.8181,0.9,節點A和節點B的名稱語意等價，GSM是行動電話設備的標準化形式
企業內部網路,system,組織網路,system,0.8179,0.9,企業內部網路和組織網路是同義詞
用戶設備,system,用戶設備 (ue),system,0.8178,0.9,節點名稱語意等價
iot裝置,system,物聯網 (iot),system,0.8168,1.0,iot裝置和物聯網(iot)是同義詞
晶片卡,system,非接觸式 ic 卡,system,0.8164,0.9,晶片卡和非接觸式IC卡是同義詞
用戶設備,system,終端使用者裝置,system,0.8152,0.9,用戶設備和終端使用者裝置是同義詞
基地台,system,基地台 (ap),system,0.8139,0.9,兩節點名稱語意等價，基地台和基地台 (ap) 指稱相同概念
使用者端,system,用戶終端設備,system,0.8138,0.9,使用者端和用戶終端設備是資訊系統中用戶交互的同義詞
組織內部網路,system,企業或組織內部,system,0.8137,0.9,節點 A 和節點 B 的名稱語意相近，均指組織內部的網路或系統
目標主機,system,目標伺服器,system,0.8125,0.9,目標主機和目標伺服器在資訊系統中常被用作同義詞
物聯網相關設備,system,iot裝置,system,0.8115,0.9,物聯網相關設備和iot裝置是同義詞
物聯網節點,system,物聯網,system,0.8104,0.9,兩節點名稱語意等價
linux工作站,system,linux桌上型電腦,system,0.807,0.9,linux工作站和linux桌上型電腦在大多數情況下指稱相同的概念
c2c電子商務,system,電子商務系統,system,0.806,0.9,c2c電子商務和電子商務系統是同義詞
osi 參考模式,system,osi模型,system,0.806,0.9,節點 A 和節點 B 的名稱語意等價，OSI 參考模式和 OSI 模型是同一個概念的不同稱呼
目標網路,system,目標系統,system,0.8054,0.9,目標網路和目標系統在資訊系統的語境下是同義詞
電腦主機,system,主機,system,0.8054,0.9,電腦主機和主機在資訊系統中是同義詞
ims,system,多媒體子系統 (ims),system,0.8032,0.9,ims 和多媒體子系統 (ims) 的名稱語意等價
機器人電腦,system,系統計算機,system,0.8028,0.9,機器人電腦和系統計算機在本體論類別system下具有相似的語意含義
gsm 行動電話設備,system,手機,system,0.8023,0.9,gsm 行動電話設備和手機是同義詞
機房,system,資訊設施機房,system,0.8017,0.9,機房和資訊設施機房的名稱語意相近，指稱相同的概念
關聯式資料庫,system,資料庫系統,system,0.8009,0.9,兩節點名稱語意相近，皆指涉資料儲存系統
系統應用程式,app,應用系統程式,app,0.9778,0.9,系統應用程式和應用系統程式是同義詞
軟體類資產,app,軟體資產,app,0.9771,0.9,軟體類資產和軟體資產在語意上相近，指稱同一概念
ms-sql server,app,ms sql server,app,0.973,1.0,兩節點名稱語意等價，僅有連字號的差異
系統應用程式,app,應用系統,app,0.9477,0.9,系統應用程式和應用系統是同義詞
網站應用程式,app,網頁應用程式,app,0.9438,0.9,網站應用程式和網頁應用程式是同義詞
電腦軟體,app,軟體程式,app,0.9329,0.9,節點 A 和節點 B 的名稱語意等價，都是指軟體程式
網路應用程式,app,網路應用軟體,app,0.9286,0.9,網路應用程式和網路應用軟體是同義詞
程式,app,電腦程式,app,0.9236,0.9,程式和電腦程式是同義詞
軟體程式,app,應用軟體,app,0.9194,0.9,軟體程式和應用軟體是同義詞
手機app程式,app,應用程式,app,0.9151,0.9,節點名稱語意等價
手機app程式,app,行動應用程式,app,0.9139,0.9,兩節點名稱語意等價，都是指行動裝置上的應用程式
應用軟體,app,應用程式,app,0.9119,1.0,兩節點名稱語意等價
應用程式,app,行動應用程式,app,0.9114,0.9,兩節點名稱語意相近，行動應用程式是應用程式的一種特定類型
應用程式,app,app,app,0.9081,1.0,節點 A 和節點 B 的名稱語意等價，都是指應用程式
安裝軟體,app,安裝程式,app,0.9064,0.9,節點名稱語意等價
erp系統,app,erp 系統,app,0.9052,1.0,節點 A 和節點 B 的名稱完全相同，均為 erp 系統
應用系統程式,app,應用程式,app,0.9048,0.9,兩節點名稱語意等價，都是指應用程式的概念
網頁,app,web 頁面,app,0.9039,0.9,網頁和web頁面是同義詞
線上購物,app,購物網站,app,0.8885,0.9,線上購物和購物網站是同義詞
web 應用程式,app,網頁應用程式,app,0.882,0.9,節點 A 和節點 B 的名稱語意等價，都是指網頁上運行的應用程式
電腦軟體,app,應用軟體,app,0.8811,0.9,節點 A 和節點 B 的名稱語意等價，都是指應用程式的軟體
微軟網路芳鄰,app,網路芳鄰,app,0.8797,0.9,節點 A 和節點 B 的名稱語意相近，且節點 A 的名稱包含了節點 B 的名稱，表明兩者可能指稱同一個概念
應用系統程式,app,應用軟體,app,0.8768,0.9,兩節點名稱語意等價，都是指應用程式
app,app,行動應用程式,app,0.8757,0.9,app 和 行動應用程式 是同義詞
系統應用程式,app,應用程式,app,0.8722,0.9,節點名稱語意等價
軟體系統,app,軟體程式,app,0.8663,0.9,軟體系統和軟體程式在此語境下是同義詞
電子商務網站,app,購物網站,app,0.8645,0.9,電子商務網站和購物網站是同義詞
應用軟體,app,應用程式套件,app,0.8636,0.9,兩節點名稱語意等價，都是指應用程式的不同稱呼
芳鄰,app,網路芳鄰,app,0.8629,0.9,節點 A 和節點 B 的名稱語意等價，都是指網路芳鄰應用程式
web 應用程式,app,網站應用程式,app,0.8625,0.9,web 應用程式和網站應用程式是同義詞
電子郵件用戶端,app,電子郵件客戶端,app,0.8562,0.9,電子郵件用戶端和電子郵件客戶端是同義詞
應用系統程式,app,應用程式套件,app,0.8522,0.9,兩節點名稱語意相近，均指應用程式的概念
軟體系統,app,應用系統,app,0.8515,0.9,軟體系統和應用系統在本體論類別app下為同義詞
軟體程式,app,電腦程式,app,0.8514,0.9,軟體程式和電腦程式是同義詞
ftp伺服器,app,ftp 服務,app,0.8446,0.9,ftp伺服器和ftp服務是同義詞
應用軟體,app,應用系統,app,0.8436,0.9,應用軟體和應用系統是同義詞
套裝軟體,app,應用程式套件,app,0.8411,0.9,套裝軟體和應用程式套件是同義詞
手機app程式,app,應用軟體,app,0.8398,0.9,節點 A 和節點 B 的名稱語意等價，都是指應用程式
ftp伺服器,app,ftp,app,0.8365,0.9,ftp伺服器和ftp是同義詞，均指檔案傳輸協定伺服器
組織的網站,app,官網,app,0.8343,0.9,節點 A 和節點 B 的名稱語意等價，均指組織的官方網站
軟體系統,app,電腦軟體,app,0.8313,0.9,軟體系統和電腦軟體是同義詞
電腦軟體,app,電腦程式,app,0.8219,0.9,電腦軟體和電腦程式是同義詞
app,app,應用系統,app,0.8139,0.9,app 和 應用系統 是同義詞
應用系統程式,app,app,app,0.8122,0.9,節點 A 和節點 B 的名稱語意等價，都是指應用程式
檔案傳輸服務,app,ftp 服務,app,0.8102,0.9,檔案傳輸服務和ftp服務語意等價
網路應用程式,app,web 應用程式,app,0.8083,0.9,網路應用程式和web應用程式是同義詞
微軟網路芳鄰,app,芳鄰,app,0.8047,0.9,節點 A 和節點 B 的名稱語意等價，都是指微軟網路芳鄰
ftp,app,ftp 服務,app,0.8028,0.9,節點名稱語意相近，ftp 和 ftp 服務指稱同一概念
電子郵件用戶端,app,電子郵件軟體,app,0.802,0.9,電子郵件用戶端和電子郵件軟體是同義詞
災害復原計畫,policy,災害復原計劃,policy,0.9934,0.9,兩節點名稱語意等價，計畫和計劃是同義詞
災難復原計畫,policy,災害復原計畫,policy,0.9811,0.9,災難復原計畫和災害復原計畫是同義詞
災難復原計畫,policy,災害復原計劃,policy,0.979,0.9,兩節點名稱語意等價，都是指復原計畫
營業秘密法,policy,營業祕密法,policy,0.9744,1.0,兩節點名稱語意等價
營運持續性計畫,policy,營運持續計畫,policy,0.9736,0.9,兩節點名稱語意相近，營運持續性計畫和營運持續計畫是同義詞
rpo (復原點目標),policy,復原點目標 (rpo),policy,0.9719,1.0,節點 A 和節點 B 的名稱語意等價
存取控制政策,policy,存取控管政策,policy,0.9704,0.9,存取控制政策和存取控管政策是同義詞
強式密碼原則,policy,強密碼原則,policy,0.9655,0.9,強式密碼原則和強密碼原則是同義詞
資訊安全教育訓練,policy,資訊安全教育與訓練,policy,0.9609,0.9,節點名稱語意等價
教育培訓,policy,教育訓練,policy,0.9573,0.9,教育培訓和教育訓練是同義詞
風險控制,policy,風險控制措施,policy,0.9523,0.9,風險控制和風險控制措施語意相近，均指涉及風險的控制或管理
密碼原則,policy,安全密碼原則,policy,0.9511,0.9,節點名稱語意等價，都是指密碼的安全原則
iso/iec 27001,policy,iso 27001,policy,0.9488,1.0,節點 A 和節點 B 的名稱語意等價，都是指 ISO 27001 安全標準
營運持續規劃,policy,營運持續計畫,policy,0.9421,0.9,營運持續規劃和營運持續計畫是同義詞
歐盟一般資料保護規範 (gdpr),policy,通用資料保護規範 (gdpr),policy,0.9409,1.0,節點 A 和節點 B 的名稱語意等價，均指稱歐盟一般資料保護規範
服務條約,policy,服務條款,policy,0.9393,0.9,服務條約和服務條款是同義詞
安全管理政策,policy,安全政策,policy,0.9362,0.9,節點名稱語意等價
營運持續性計畫,policy,營運持續規劃,policy,0.933,0.9,兩節點名稱語意相近，營運持續性計畫和營運持續規劃是同義詞
資訊存取控制政策,policy,存取控制政策,policy,0.9312,0.9,兩節點名稱語意相近，存取控制政策是資訊存取控制政策的標準化形式
資訊安全策略,policy,安全策略,policy,0.9282,0.9,節點 A 和節點 B 的名稱語意等價，都是指安全策略的概念
強密碼原則,policy,安全密碼原則,policy,0.9241,0.9,兩節點名稱語意等價，都是指密碼的安全原則
iso 27001：2022,policy,iso/iec 27001:2022,policy,0.9215,1.0,節點 A 和節點 B 的名稱語意等價，都是指 ISO 27001:2022 安全標準
資訊存取控制政策,policy,存取控管政策,policy,0.9152,0.9,兩節點名稱語意等價，都是描述存取控制的政策
存取權限管理,policy,存取權限控管,policy,0.9151,0.9,存取權限管理和存取權限控管是同義詞
fips 140,policy,fips 140-2,policy,0.9146,0.9,FIPS 140-2 是 FIPS 140 的更新版本
電腦處理個人資料保護法,policy,個人資料保護法,policy,0.9114,0.9,節點 A 和節點 B 的名稱語意相近，均指涉及個人資料保護的法律
資訊安全政策,policy,安全政策,policy,0.9078,0.9,兩節點名稱語意等價
歐盟一般資料保護規範 (gdpr),policy,歐盟通用資料保護規範,policy,0.9046,1.0,節點 A 和節點 B 的名稱語意等價，都是指歐盟的資料保護規範
fips 140,policy,fips 140-3,policy,0.9022,0.9,FIPS 140 和 FIPS 140-3 是同一安全標準的不同版本
zero trust security,policy,零信任,policy,0.9005,0.9,節點 A 和節點 B 的名稱語意等價，都是指零信任安全政策的概念
法規,policy,法律,policy,0.8985,0.9,法規和法律都是政策的標準化形式，語意上相近
災害復原計畫,policy,災難備援計畫,policy,0.8913,0.9,災害復原計畫和災難備援計畫是同義詞
風險規避,policy,風險控制,policy,0.8886,0.9,風險規避和風險控制是同義詞
災難復原計畫,policy,災難備援計畫,policy,0.8882,0.9,災難復原計畫和災難備援計畫是同義詞
災難備援計畫,policy,災害復原計劃,policy,0.887,0.9,災難備援計畫和災害復原計劃是同義詞
資訊安全政策,policy,資訊安全策略,policy,0.8869,0.9,資訊安全政策和資訊安全策略是同義詞
密碼複雜性原則,policy,強密碼原則,policy,0.884,0.9,兩節點名稱語意等價，均指密碼強度的要求
規範,policy,資安規範,policy,0.8811,0.9,規範和資安規範在安全政策或標準規範的本體論類別下是相關的同義詞
限制存取權限,policy,限制權限,policy,0.8786,0.9,節點名稱語意相近，均涉及限制權限
災害復原計畫,policy,備份和恢復計劃,policy,0.8781,0.9,兩節點名稱語意等價，都是指恢復系統或資料的計畫
風險處理措施,policy,風險控制措施,policy,0.8776,0.9,風險處理措施和風險控制措施是同義詞
iso 27002:2022,policy,iso/iec 27002,policy,0.8773,0.9,節點 A 和節點 B 都指稱 ISO 27002 標準，名稱差異在於版本號和發佈機構的標示
強式密碼原則,policy,安全密碼原則,policy,0.8769,0.9,強式密碼原則和安全密碼原則是同義詞
政府組態基準,policy,政府組態基準 (gcb),policy,0.8745,1.0,節點 A 和節點 B 的名稱語意等價
fips 140,policy,fips 140 密碼模組安全標準,policy,0.8711,0.9,節點 A 和節點 B 的名稱語意等價，FIPS 140 是一個標準化的名稱
密碼安全管控,policy,密碼管制措施,policy,0.8692,0.9,兩節點名稱語意相近，均指涉密碼安全的管控或措施
密碼複雜性原則,policy,強式密碼原則,policy,0.8688,0.9,兩節點名稱語意相近，均指涉密碼強度的原則
安全策略,policy,安全政策,policy,0.8678,1.0,節點名稱語意等價
存取權限控管,policy,存取控制,policy,0.8678,0.9,存取權限控管和存取控制是同義詞
災難復原計畫,policy,備份和恢復計劃,policy,0.8667,0.9,兩節點名稱語意等價，都是指恢復系統或資料的計畫
密碼和帳戶管理,policy,密碼保護和管理,policy,0.8663,0.9,節點名稱語意相近，均涉及密碼管理
災害復原程序,policy,災害復原計劃,policy,0.8625,0.9,災害復原程序和災害復原計劃在語意上相近，均指涉及恢復和重建的計畫
災害復原計畫 (drp),policy,災害復原計劃,policy,0.861,0.9,兩節點名稱語意等價，都是指災害復原計畫
災害復原計畫,policy,災害復原計畫 (drp),policy,0.8588,1.0,兩節點名稱語意等價
資安規範,policy,安全規則,policy,0.8557,0.9,資安規範和安全規則在本體論類別policy下為同義詞
法規,policy,規範,policy,0.8553,0.9,法規和規範在安全政策或標準規範的本體論類別中是同義詞
最低權限,policy,最小權限原則,policy,0.8535,0.9,最低權限和最小權限原則是同義詞
災難復原計畫,policy,災害復原計畫 (drp),policy,0.8524,0.9,災難復原計畫和災害復原計畫是同義詞
密碼複雜性原則,policy,安全密碼原則,policy,0.8523,0.9,兩節點名稱語意相近，均指涉密碼安全的原則
災難復原計畫,policy,災害復原程序,policy,0.8522,0.9,災難復原計畫和災害復原程序是同義詞
gdpr,policy,通用資料保護規範 (gdpr),policy,0.8513,1.0,節點 A 和節點 B 的名稱語意等價，均指稱通用資料保護規範
資產分級,policy,資產分級政策,policy,0.8489,0.9,節點名稱語意相近，資產分級和資產分級政策指稱同一概念
存取控管政策,policy,存取權限控管,policy,0.8474,0.9,存取控管政策和存取權限控管是同義詞
資產分級管理,policy,資產分級政策,policy,0.845,0.9,節點 A 和節點 B 的名稱語意相近，均涉及資產分級的管理或政策
歐盟通用資料保護規範,policy,通用資料保護規範 (gdpr),policy,0.8419,0.9,節點 A 和節點 B 都指稱通用資料保護規範，且節點 B 的縮寫 GDPR 是節點 A 的標準化形式
服務等級合約 (sla),policy,服務等級合約,policy,0.8365,1.0,兩節點名稱語意完全相同
存取權限控管,policy,限制存取權限,policy,0.835,0.9,節點 A 和節點 B 的名稱語意等價，均指存取權限的控管
密碼安全管控,policy,密碼保護和管理,policy,0.834,0.9,節點 A 和節點 B 的名稱語意相近，均指涉密碼的安全管理
智慧財產權遵循政策,policy,保護智慧財產權的政策,policy,0.8286,0.9,兩節點名稱語意等價，均指保護智慧財產權的政策
密碼強度規範,policy,強式密碼原則,policy,0.8279,0.9,兩節點名稱語意等價，均指涉密碼強度的規範
資訊安全策略,policy,安全政策,policy,0.8263,0.9,節點名稱語意等價
風險減緩,policy,風險控制,policy,0.8261,0.9,風險減緩和風險控制是同義詞
iso/iec 27001,policy,iso/iec 27001:2022,policy,0.8251,0.9,節點名稱語意等價，版本號為標準化形式的變體
密碼強度規範,policy,強密碼原則,policy,0.8219,0.9,兩節點名稱語意等價，均指涉及密碼強度的安全政策
風險處理策略,policy,風險應對方案,policy,0.8209,0.9,風險處理策略和風險應對方案是同義詞
資訊安全管理作業程序,policy,安全程序,policy,0.8204,0.9,兩節點名稱語意相近，均指涉安全管理的程序
存取控管政策,policy,存取控制,policy,0.8189,0.9,存取控管政策和存取控制是同義詞
風險改善計畫,policy,風險應對方案,policy,0.8142,0.9,風險改善計畫和風險應對方案是同義詞
fips 140-2,policy,fips 140 密碼模組安全標準,policy,0.814,0.9,節點 A 和節點 B 都指涉 FIPS 140 標準，且節點 B 的名稱包含了「密碼模組安全標準」，這是 FIPS 140-2 的描述
系統權限管理,policy,存取權限管理,policy,0.814,0.9,系統權限管理和存取權限管理是同義詞
僅知原則,policy,必要知道原則,policy,0.8139,0.9,兩節點名稱語意等價，指稱同一個概念
存取控制政策,policy,存取權限控管,policy,0.8136,0.9,存取控制政策和存取權限控管是同義詞
備援計畫,policy,災害復原計劃,policy,0.8129,0.9,備援計畫和災害復原計劃是同義詞，均指在發生災害或系統故障時恢復業務運作的計劃
安全管理政策,policy,安全策略,policy,0.8119,0.9,安全管理政策和安全策略是同義詞
備援機制的政策,policy,備份政策,policy,0.8094,0.9,備援機制的政策和備份政策在安全政策的背景下是同義詞
風險處理措施,policy,風險應對方案,policy,0.8083,0.9,風險處理措施和風險應對方案是同義詞
gdpr,policy,電腦處理個人資料保護法,policy,0.808,0.9,節點 A 的 GDPR 是歐盟的通用資料保護規範，節點 B 的電腦處理個人資料保護法是台灣的相關法律，兩者雖名稱不同但都關注個人資料保護，GDPR 對台灣來說是一種參考標準
itsec,policy,安全策略,policy,0.8075,0.9,itsec 和 安全策略 是安全政策的同義詞
存取權限管理,policy,限制存取權限,policy,0.8066,0.9,節點 A 和節點 B 的名稱語意等價，均指涉及管理和限制存取權限的概念
資訊安全政策,policy,安全策略,policy,0.8064,0.9,資訊安全政策和安全策略是同義詞
營運持續性計畫,policy,營運持續計畫 (bcp),policy,0.8039,0.9,兩節點名稱語意相近，營運持續性計畫和營運持續計畫（BCP）是同義詞
fips 140 密碼模組安全標準,policy,fips 140-3,policy,0.8027,0.9,節點 A 和節點 B 都指稱 FIPS 140 密碼模組安全標準，節點 B 的名稱是節點 A 的更具體版本
意識、培訓和教育,policy,教育培訓,policy,0.8021,0.9,節點 A 和節點 B 的名稱雖然不完全相同，但都包含了「教育」和「培訓」的元素，且意義相近
營運持續計畫 (bcp),policy,營運持續計畫,policy,0.8019,1.0,兩節點名稱語意等價
備份和恢復計劃,policy,災害復原計畫 (drp),policy,0.8019,0.9,備份和恢復計劃與災害復原計畫在安全政策中是相關的同義概念
處理偶發事故的計畫,policy,突發事件計畫,policy,0.8008,0.9,兩節點名稱語意等價，都是指處理意外事件的計畫
網路犯罪份子,attacker,網路犯罪分子,attacker,0.9669,0.9,網路犯罪份子和網路犯罪分子是同義詞
黑帽攻擊者,attacker,黑帽駭客,attacker,0.8627,0.9,黑帽攻擊者和黑帽駭客是同義詞
網路攻擊者,attacker,駭客,attacker,0.8537,0.9,網路攻擊者和駭客在本體論類別attacker下具有相似的語意含義
黑帽駭客,attacker,惡意駭客,attacker,0.8473,0.9,黑帽駭客和惡意駭客都是指進行惡意攻擊的駭客
網路攻擊者,attacker,惡意駭客,attacker,0.8197,0.9,網路攻擊者和惡意駭客是同義詞
網路犯罪份子,attacker,網路攻擊者,attacker,0.815,0.9,網路犯罪份子和網路攻擊者在攻擊者本體論類別下具有相似的語意含義
對手,attacker,敵對者,attacker,0.81,0.9,對手和敵對者在攻擊者或威脅行為者本體論類別中為同義詞
系統管理人員,securityTeam,系統管理員,securityTeam,0.9863,0.9,系統管理人員和系統管理員是同義詞
美國國家標準局 (nist),securityTeam,美國國家標準與技術局 (nist),securityTeam,0.9785,1.0,兩節點名稱語意等價，都是指美國國家標準與技術局
系統管理者,securityTeam,系統管理員,securityTeam,0.956,0.9,系統管理者和系統管理員是同義詞
網路管理者,securityTeam,網路管理員,securityTeam,0.9509,0.9,網路管理者和網路管理員是同義詞
雲端服務提供業者,securityTeam,雲端服務供應商,securityTeam,0.944,0.9,節點 A 和節點 B 的名稱語意等價，均指雲端服務的提供者
系統管理人員,securityTeam,系統管理者,securityTeam,0.9357,0.9,系統管理人員和系統管理者是同義詞
網路安全性分析師,securityTeam,資安分析師,securityTeam,0.9259,0.9,網路安全性分析師和資安分析師是同義詞
安全性分析師,securityTeam,網路安全性分析師,securityTeam,0.9162,0.9,安全性分析師和網路安全性分析師在資安防禦團隊中指稱相似的角色
資安管理團隊,securityTeam,資安團隊,securityTeam,0.9139,0.9,兩節點名稱語意相近，均指涉資安防禦團隊或角色
資安團隊,securityTeam,網路安全性團隊,securityTeam,0.9037,0.9,兩節點名稱語意等價，都是指資安防禦團隊或角色
資安管理人員,securityTeam,資訊安全管理人員,securityTeam,0.9031,0.9,兩節點名稱語意等價，都是指資安防禦團隊中的管理人員
資產擁有者,securityTeam,資訊資產擁有者,securityTeam,0.9014,0.9,資產擁有者和資訊資產擁有者在資安防禦團隊或角色中指稱同一個概念
安全性分析師,securityTeam,資安分析師,securityTeam,0.9009,0.9,安全性分析師和資安分析師是同義詞
鑑識人員,securityTeam,鑑識專家,securityTeam,0.8811,0.9,鑑識人員和鑑識專家在資安防禦團隊中指稱同一類型的角色
雲端服務供應商 (csp),securityTeam,雲端服務供應商,securityTeam,0.8761,1.0,兩節點名稱語意等價
資安長,securityTeam,資訊安全長,securityTeam,0.8751,0.9,資安長和資訊安全長是同義詞
資安人員,securityTeam,資訊安全維運人員,securityTeam,0.872,0.9,資安人員和資訊安全維運人員都是指從事資安防禦工作的團隊或角色
資安專家,securityTeam,網路安全專業人員,securityTeam,0.8624,0.9,兩節點名稱語意相近，皆指涉資安防禦的專業人員
雲端服務供應商 (csp),securityTeam,雲端服務提供業者,securityTeam,0.8482,0.9,兩節點名稱語意等價，均指雲端服務的提供者
資安管理團隊,securityTeam,網路安全性團隊,securityTeam,0.8369,0.9,兩節點名稱語意相近，均指涉資安防禦團隊
資安人員,securityTeam,資訊安全管理人員,securityTeam,0.8368,0.9,兩節點名稱語意相近，均指涉及資安防禦的團隊或角色
資訊主管,securityTeam,資訊安全長,securityTeam,0.8312,0.9,資訊主管和資訊安全長都是資安防禦團隊或角色的領導角色
安全性測試人員,securityTeam,滲透測試人員,securityTeam,0.819,0.9,安全性測試人員和滲透測試人員都是資安防禦團隊中負責測試系統安全性的角色，名稱語意相近
電腦鑑識專家,securityTeam,鑑識人員,securityTeam,0.8184,0.9,電腦鑑識專家和鑑識人員在資安防禦團隊中指稱同一類型的角色
系統管理人員,securityTeam,資安管理人員,securityTeam,0.8178,0.9,系統管理人員和資安管理人員在資安防禦團隊中可能扮演相似的角色
資安長,securityTeam,安全主管,securityTeam,0.8062,0.9,資安長和安全主管是資安防禦團隊中的領導角色，名稱語意相近
權責主管,securityTeam,安全主管,securityTeam,0.805,0.9,權責主管和安全主管在資安防禦團隊中指稱相同角色
網路安全專業人員,securityTeam,資安人員,securityTeam,0.8022,0.9,網路安全專業人員和資安人員是同義詞
系統管理人員,securityTeam,資訊安全管理人員,securityTeam,0.8011,0.9,系統管理人員和資訊安全管理人員在資安防禦團隊中可能扮演相似的角色
資訊安全長,securityTeam,安全主管,securityTeam,0.8002,0.9,資訊安全長和安全主管是同義詞
用戶,user,使用者,user,0.9495,1.0,用戶和使用者是同義詞
操作使用者,user,使用者,user,0.9216,0.9,節點名稱語意等價
用戶,user,網站用戶,user,0.9033,0.9,節點 A 和節點 B 的名稱語意相近，均指稱使用網站的使用者
授權使用者,user,使用者,user,0.9031,0.9,授權使用者和使用者在本體論類別中語意等價
公司人員,user,員工,user,0.8939,0.9,公司人員和員工是同義詞
電腦使用者,user,使用者,user,0.8778,0.9,節點名稱語意相近，均指一般使用者
操作使用者,user,用戶,user,0.8701,0.9,操作使用者和用戶是同義詞
一般員工,user,員工,user,0.8653,0.9,節點 A 和節點 B 的名稱語意相近，均指稱一般員工
網站用戶,user,使用者,user,0.8607,0.9,節點名稱語意等價，網站用戶和使用者是同義詞
用戶,user,電腦使用者,user,0.8581,0.9,用戶和電腦使用者是同義詞
組織員工,user,員工,user,0.8425,0.9,節點名稱語意相近，均指組織內的員工
使用者,user,單一使用者,user,0.8247,0.9,使用者和單一使用者在語意上相近，指稱同一概念
操作使用者,user,電腦使用者,user,0.8161,0.9,操作使用者和電腦使用者都是指一般使用者，語意上相近
公司人員,user,一般員工,user,0.8157,0.9,公司人員和一般員工在本體論類別user下是同義詞
資訊科技的使用者,user,電腦使用者,user,0.8094,0.9,節點 A 和節點 B 的名稱語意相近，均指使用資訊科技或電腦的使用者
資訊科技的使用者,user,使用者,user,0.8012,0.9,節點A和節點B的名稱語意相近，均指使用者
用戶,user,單一使用者,user,0.8002,0.9,用戶和單一使用者是同義詞
